Input,Output,se_variance,se_lengthscale,noise,Task_ID,Cluster_ID,Input_ID,Output_ID
-20.0,46.744351272709,1.32,0.66,0.09,1,1,x,a
-18.0,22.648367362798,1.32,0.66,0.09,1,1,x,a
-16.5,29.9218056094498,1.32,0.66,0.09,1,1,x,a
-13.5,42.112467668748,1.32,0.66,0.09,1,1,x,a
-12.5,44.7934934108617,1.32,0.66,0.09,1,1,x,a
-12.0,43.7320091838557,1.32,0.66,0.09,1,1,x,a
-10.0,21.200166509342,1.32,0.66,0.09,1,1,x,a
-9.5,14.6410042539624,1.32,0.66,0.09,1,1,x,a
-8.0,12.2084994684169,1.32,0.66,0.09,1,1,x,a
-5.0,19.6075730492939,1.32,0.66,0.09,1,1,x,a
-4.5,18.0514234352851,1.32,0.66,0.09,1,1,x,a
-2.0,28.4025881296375,1.32,0.66,0.09,1,1,x,a
-1.5,26.7743721564841,1.32,0.66,0.09,1,1,x,a
-1.0,22.0523526012299,1.32,0.66,0.09,1,1,x,a
0.0,18.6857670280843,1.32,0.66,0.09,1,1,x,a
1.0,26.9847517010885,1.32,0.66,0.09,1,1,x,a
2.0,27.6450632585876,1.32,0.66,0.09,1,1,x,a
2.5,24.2415362039422,1.32,0.66,0.09,1,1,x,a
3.0,20.7341211360509,1.32,0.66,0.09,1,1,x,a
3.5,17.2070192822275,1.32,0.66,0.09,1,1,x,a
5.0,24.6356793292559,1.32,0.66,0.09,1,1,x,a
7.0,19.9053807668031,1.32,0.66,0.09,1,1,x,a
7.5,16.5616018398299,1.32,0.66,0.09,1,1,x,a
10.0,18.0213730928157,1.32,0.66,0.09,1,1,x,a
12.5,40.0786615327721,1.32,0.66,0.09,1,1,x,a
14.5,27.2661196969528,1.32,0.66,0.09,1,1,x,a
15.0,24.0255968940805,1.32,0.66,0.09,1,1,x,a
16.5,19.3496084846721,1.32,0.66,0.09,1,1,x,a
19.0,51.6438322290004,1.32,0.66,0.09,1,1,x,a
20.0,46.5117182298561,1.32,0.66,0.09,1,1,x,a
-19.5,40.3064083457346,1.32,0.66,0.09,2,1,x,a
-17.5,20.0734416209255,1.32,0.66,0.09,2,1,x,a
-15.0,38.084563205711,1.32,0.66,0.09,2,1,x,a
-14.5,38.2829852973886,1.32,0.66,0.09,2,1,x,a
-14.0,40.082677111987,1.32,0.66,0.09,2,1,x,a
-13.5,42.0376435446298,1.32,0.66,0.09,2,1,x,a
-13.0,44.0148222787534,1.32,0.66,0.09,2,1,x,a
-12.5,45.1225729887823,1.32,0.66,0.09,2,1,x,a
-10.0,15.0377823257792,1.32,0.66,0.09,2,1,x,a
-6.5,17.896161827747,1.32,0.66,0.09,2,1,x,a
-6.0,19.4012317565238,1.32,0.66,0.09,2,1,x,a
-5.0,20.38781470149,1.32,0.66,0.09,2,1,x,a
-4.0,14.2181135791973,1.32,0.66,0.09,2,1,x,a
-2.0,27.9997042020072,1.32,0.66,0.09,2,1,x,a
0.5,22.3300176765335,1.32,0.66,0.09,2,1,x,a
1.0,26.4045346151062,1.32,0.66,0.09,2,1,x,a
2.0,28.961403707963,1.32,0.66,0.09,2,1,x,a
3.0,22.4385898254046,1.32,0.66,0.09,2,1,x,a
4.0,19.1979134402008,1.32,0.66,0.09,2,1,x,a
7.0,23.727342730571,1.32,0.66,0.09,2,1,x,a
7.5,17.5038473234241,1.32,0.66,0.09,2,1,x,a
8.0,13.4716991555815,1.32,0.66,0.09,2,1,x,a
8.5,10.9491860487602,1.32,0.66,0.09,2,1,x,a
9.0,12.3413154637241,1.32,0.66,0.09,2,1,x,a
10.0,13.3639145342088,1.32,0.66,0.09,2,1,x,a
14.5,23.9329787717867,1.32,0.66,0.09,2,1,x,a
15.5,19.9714370110566,1.32,0.66,0.09,2,1,x,a
16.0,18.6443777427458,1.32,0.66,0.09,2,1,x,a
18.5,46.1591818095213,1.32,0.66,0.09,2,1,x,a
20.0,47.9162291438925,1.32,0.66,0.09,2,1,x,a
-19.0,32.3331438154516,1.32,0.66,0.09,3,1,x,a
-17.0,22.2814892122789,1.32,0.66,0.09,3,1,x,a
-16.5,27.5243954321087,1.32,0.66,0.09,3,1,x,a
-13.5,43.3359971015445,1.32,0.66,0.09,3,1,x,a
-13.0,46.4178075198278,1.32,0.66,0.09,3,1,x,a
-10.5,26.4709558520132,1.32,0.66,0.09,3,1,x,a
-10.0,18.4758442683902,1.32,0.66,0.09,3,1,x,a
-9.5,11.6771766561461,1.32,0.66,0.09,3,1,x,a
-9.0,8.6262960066615,1.32,0.66,0.09,3,1,x,a
-6.0,14.1789479269672,1.32,0.66,0.09,3,1,x,a
-3.5,15.8617707044059,1.32,0.66,0.09,3,1,x,a
-2.0,29.0757742510085,1.32,0.66,0.09,3,1,x,a
-1.5,29.5608525013737,1.32,0.66,0.09,3,1,x,a
-1.0,26.6263182634696,1.32,0.66,0.09,3,1,x,a
0.0,22.1811767764365,1.32,0.66,0.09,3,1,x,a
2.5,24.8837110310004,1.32,0.66,0.09,3,1,x,a
3.5,17.5014363002053,1.32,0.66,0.09,3,1,x,a
9.0,15.7982407235027,1.32,0.66,0.09,3,1,x,a
10.0,19.7032141053361,1.32,0.66,0.09,3,1,x,a
10.5,18.0778757006447,1.32,0.66,0.09,3,1,x,a
12.0,28.6483827097985,1.32,0.66,0.09,3,1,x,a
12.5,37.6144716292464,1.32,0.66,0.09,3,1,x,a
14.0,32.4884912431418,1.32,0.66,0.09,3,1,x,a
14.5,26.0102682937954,1.32,0.66,0.09,3,1,x,a
16.5,18.3722059397276,1.32,0.66,0.09,3,1,x,a
17.0,19.3395708003997,1.32,0.66,0.09,3,1,x,a
17.5,24.4837200184379,1.32,0.66,0.09,3,1,x,a
18.0,35.9405615467588,1.32,0.66,0.09,3,1,x,a
19.0,54.3887709294757,1.32,0.66,0.09,3,1,x,a
20.0,48.3218190632581,1.32,0.66,0.09,3,1,x,a
-20.0,44.5350837235385,1.32,0.66,0.09,4,1,x,a
-19.5,41.8119093168513,1.32,0.66,0.09,4,1,x,a
-16.0,35.8177162332324,1.32,0.66,0.09,4,1,x,a
-13.0,42.9969017185075,1.32,0.66,0.09,4,1,x,a
-12.0,44.0483955513859,1.32,0.66,0.09,4,1,x,a
-11.0,35.2468793568935,1.32,0.66,0.09,4,1,x,a
-10.5,27.6566281479608,1.32,0.66,0.09,4,1,x,a
-9.0,10.5908809945538,1.32,0.66,0.09,4,1,x,a
-8.5,10.348448041065,1.32,0.66,0.09,4,1,x,a
-8.0,11.9478585252249,1.32,0.66,0.09,4,1,x,a
-7.5,13.2605752129175,1.32,0.66,0.09,4,1,x,a
-5.5,22.4121863695957,1.32,0.66,0.09,4,1,x,a
-4.5,19.9631647378723,1.32,0.66,0.09,4,1,x,a
-2.5,23.4743681115378,1.32,0.66,0.09,4,1,x,a
-2.0,26.3986572541942,1.32,0.66,0.09,4,1,x,a
-0.5,20.195548484182,1.32,0.66,0.09,4,1,x,a
3.5,15.3627716990207,1.32,0.66,0.09,4,1,x,a
6.0,28.6957288781738,1.32,0.66,0.09,4,1,x,a
6.5,26.4611814835432,1.32,0.66,0.09,4,1,x,a
7.0,21.54816823251,1.32,0.66,0.09,4,1,x,a
8.0,12.5003155820399,1.32,0.66,0.09,4,1,x,a
10.5,14.5230640517962,1.32,0.66,0.09,4,1,x,a
11.5,19.3018165351606,1.32,0.66,0.09,4,1,x,a
12.5,39.130554160696,1.32,0.66,0.09,4,1,x,a
13.5,38.8400024179265,1.32,0.66,0.09,4,1,x,a
14.5,23.259840274231,1.32,0.66,0.09,4,1,x,a
15.0,19.8494951126409,1.32,0.66,0.09,4,1,x,a
18.0,34.4450981713589,1.32,0.66,0.09,4,1,x,a
19.0,50.8127243234946,1.32,0.66,0.09,4,1,x,a
20.0,42.7080866949985,1.32,0.66,0.09,4,1,x,a
-19.5,40.3366584410675,1.32,0.66,0.09,5,1,x,a
-19.0,33.2956909205653,1.32,0.66,0.09,5,1,x,a
-18.5,26.7774069533759,1.32,0.66,0.09,5,1,x,a
-16.5,29.2010487460325,1.32,0.66,0.09,5,1,x,a
-15.5,34.6821954658566,1.32,0.66,0.09,5,1,x,a
-14.0,39.4686667906093,1.32,0.66,0.09,5,1,x,a
-10.5,26.4350538894541,1.32,0.66,0.09,5,1,x,a
-9.5,13.2703516476548,1.32,0.66,0.09,5,1,x,a
-5.5,20.2255091826567,1.32,0.66,0.09,5,1,x,a
-5.0,20.0889384920969,1.32,0.66,0.09,5,1,x,a
-4.0,13.7007933571192,1.32,0.66,0.09,5,1,x,a
-3.5,13.5542579708204,1.32,0.66,0.09,5,1,x,a
-1.0,23.8357385697245,1.32,0.66,0.09,5,1,x,a
0.5,24.6439734995371,1.32,0.66,0.09,5,1,x,a
1.0,29.2453587809526,1.32,0.66,0.09,5,1,x,a
2.0,29.9660238824421,1.32,0.66,0.09,5,1,x,a
2.5,25.2836247515754,1.32,0.66,0.09,5,1,x,a
3.5,15.5934103917887,1.32,0.66,0.09,5,1,x,a
4.5,18.4005065494819,1.32,0.66,0.09,5,1,x,a
7.0,24.1907588928743,1.32,0.66,0.09,5,1,x,a
8.0,14.9141447509461,1.32,0.66,0.09,5,1,x,a
8.5,12.84649597264,1.32,0.66,0.09,5,1,x,a
9.0,13.548244188672,1.32,0.66,0.09,5,1,x,a
10.5,17.2365827840032,1.32,0.66,0.09,5,1,x,a
13.0,44.503184933831,1.32,0.66,0.09,5,1,x,a
13.5,40.5491856670571,1.32,0.66,0.09,5,1,x,a
14.5,25.9307818185793,1.32,0.66,0.09,5,1,x,a
15.0,22.5630370821095,1.32,0.66,0.09,5,1,x,a
18.5,42.7685213579204,1.32,0.66,0.09,5,1,x,a
19.0,50.3000729209171,1.32,0.66,0.09,5,1,x,a
-18.5,28.6441949205299,1.32,0.66,0.09,6,1,x,a
-17.0,29.4153510976628,1.32,0.66,0.09,6,1,x,a
-16.0,38.6385171341778,1.32,0.66,0.09,6,1,x,a
-15.5,41.2508078295213,1.32,0.66,0.09,6,1,x,a
-15.0,42.459866860617,1.32,0.66,0.09,6,1,x,a
-13.0,48.0469938034604,1.32,0.66,0.09,6,1,x,a
-12.0,46.8479034659964,1.32,0.66,0.09,6,1,x,a
-11.5,40.9111540051458,1.32,0.66,0.09,6,1,x,a
-10.5,24.7717218515434,1.32,0.66,0.09,6,1,x,a
-9.5,13.451319855172,1.32,0.66,0.09,6,1,x,a
-8.0,14.1844588471498,1.32,0.66,0.09,6,1,x,a
-7.0,16.1507570424629,1.32,0.66,0.09,6,1,x,a
-5.0,18.3007801094852,1.32,0.66,0.09,6,1,x,a
-4.5,15.7532515352021,1.32,0.66,0.09,6,1,x,a
-2.0,28.0678671851688,1.32,0.66,0.09,6,1,x,a
-1.5,27.4893986851292,1.32,0.66,0.09,6,1,x,a
-0.5,20.296339082362,1.32,0.66,0.09,6,1,x,a
0.5,22.1317266824886,1.32,0.66,0.09,6,1,x,a
3.5,17.8998763016125,1.32,0.66,0.09,6,1,x,a
6.5,26.9564926397075,1.32,0.66,0.09,6,1,x,a
7.5,17.673117472465,1.32,0.66,0.09,6,1,x,a
8.5,13.1920767399313,1.32,0.66,0.09,6,1,x,a
11.0,15.1751437784517,1.32,0.66,0.09,6,1,x,a
11.5,18.9668120006054,1.32,0.66,0.09,6,1,x,a
12.0,28.5308180688604,1.32,0.66,0.09,6,1,x,a
13.0,43.5278718272469,1.32,0.66,0.09,6,1,x,a
13.5,40.8510396826803,1.32,0.66,0.09,6,1,x,a
15.5,21.9565960584651,1.32,0.66,0.09,6,1,x,a
16.0,19.4445287084993,1.32,0.66,0.09,6,1,x,a
16.5,17.5996833741749,1.32,0.66,0.09,6,1,x,a
-19.0,36.9007982263066,1.32,0.66,0.09,7,1,x,a
-16.0,33.3457599642627,1.32,0.66,0.09,7,1,x,a
-14.5,42.2394640771853,1.32,0.66,0.09,7,1,x,a
-14.0,43.7982872891513,1.32,0.66,0.09,7,1,x,a
-10.5,25.0666955857921,1.32,0.66,0.09,7,1,x,a
-9.0,10.3360933299035,1.32,0.66,0.09,7,1,x,a
-8.5,12.0071652427046,1.32,0.66,0.09,7,1,x,a
-8.0,14.7295394062689,1.32,0.66,0.09,7,1,x,a
-5.5,21.9677467775648,1.32,0.66,0.09,7,1,x,a
-4.5,18.8158681711961,1.32,0.66,0.09,7,1,x,a
-1.5,28.4877091154525,1.32,0.66,0.09,7,1,x,a
0.0,21.6377300163507,1.32,0.66,0.09,7,1,x,a
1.0,28.2787439748996,1.32,0.66,0.09,7,1,x,a
2.5,25.8343440280782,1.32,0.66,0.09,7,1,x,a
3.0,21.7343229137291,1.32,0.66,0.09,7,1,x,a
4.5,19.8164336771887,1.32,0.66,0.09,7,1,x,a
5.0,24.7271382798155,1.32,0.66,0.09,7,1,x,a
6.0,28.5674679684905,1.32,0.66,0.09,7,1,x,a
8.5,13.1705966430471,1.32,0.66,0.09,7,1,x,a
9.5,15.9153415917669,1.32,0.66,0.09,7,1,x,a
10.5,13.6236744084002,1.32,0.66,0.09,7,1,x,a
12.5,37.3305245161298,1.32,0.66,0.09,7,1,x,a
13.5,39.2642507736235,1.32,0.66,0.09,7,1,x,a
14.5,26.3133628139973,1.32,0.66,0.09,7,1,x,a
15.5,21.6426180131243,1.32,0.66,0.09,7,1,x,a
16.0,21.0904101063974,1.32,0.66,0.09,7,1,x,a
16.5,19.0818710738978,1.32,0.66,0.09,7,1,x,a
18.5,44.2840190205141,1.32,0.66,0.09,7,1,x,a
19.0,51.6842874529689,1.32,0.66,0.09,7,1,x,a
20.0,45.2206776031402,1.32,0.66,0.09,7,1,x,a
-18.5,28.8761615874389,1.32,0.66,0.09,8,1,x,a
-18.0,23.8729806886601,1.32,0.66,0.09,8,1,x,a
-16.0,32.0552795276535,1.32,0.66,0.09,8,1,x,a
-15.5,33.96968944829,1.32,0.66,0.09,8,1,x,a
-13.5,40.0949422109526,1.32,0.66,0.09,8,1,x,a
-13.0,44.577935293449,1.32,0.66,0.09,8,1,x,a
-12.5,46.579716601007,1.32,0.66,0.09,8,1,x,a
-8.5,11.3928758287038,1.32,0.66,0.09,8,1,x,a
-8.0,13.6393016529341,1.32,0.66,0.09,8,1,x,a
-7.5,14.7187780290646,1.32,0.66,0.09,8,1,x,a
-6.0,16.531599023969,1.32,0.66,0.09,8,1,x,a
-5.5,19.2712450198141,1.32,0.66,0.09,8,1,x,a
-4.5,18.2531954495705,1.32,0.66,0.09,8,1,x,a
-4.0,15.6147179165933,1.32,0.66,0.09,8,1,x,a
-3.0,18.8803743781069,1.32,0.66,0.09,8,1,x,a
-1.5,26.492648488753,1.32,0.66,0.09,8,1,x,a
-0.5,18.1664126623058,1.32,0.66,0.09,8,1,x,a
0.5,23.5716036529491,1.32,0.66,0.09,8,1,x,a
2.5,26.2662680177305,1.32,0.66,0.09,8,1,x,a
5.0,25.2681195324,1.32,0.66,0.09,8,1,x,a
6.0,28.712350468914,1.32,0.66,0.09,8,1,x,a
7.5,15.8001331017497,1.32,0.66,0.09,8,1,x,a
8.5,10.6171885775815,1.32,0.66,0.09,8,1,x,a
9.5,16.8001205276215,1.32,0.66,0.09,8,1,x,a
11.5,19.8837871052915,1.32,0.66,0.09,8,1,x,a
12.0,31.0723637040786,1.32,0.66,0.09,8,1,x,a
12.5,41.5876842747868,1.32,0.66,0.09,8,1,x,a
14.5,28.5693133782604,1.32,0.66,0.09,8,1,x,a
17.0,17.199553713953,1.32,0.66,0.09,8,1,x,a
18.0,33.9443033934641,1.32,0.66,0.09,8,1,x,a
-20.0,42.6256207981466,1.32,0.66,0.09,9,1,x,a
-19.5,38.3775895975189,1.32,0.66,0.09,9,1,x,a
-19.0,32.0788719641905,1.32,0.66,0.09,9,1,x,a
-18.5,25.7511450644488,1.32,0.66,0.09,9,1,x,a
-17.0,27.63173036406,1.32,0.66,0.09,9,1,x,a
-14.5,37.8667989065105,1.32,0.66,0.09,9,1,x,a
-13.5,40.8516011042322,1.32,0.66,0.09,9,1,x,a
-12.5,48.1992889742034,1.32,0.66,0.09,9,1,x,a
-11.5,44.3737372281672,1.32,0.66,0.09,9,1,x,a
-9.5,14.8324752620684,1.32,0.66,0.09,9,1,x,a
-8.0,12.6308685651012,1.32,0.66,0.09,9,1,x,a
-7.5,13.4047285354574,1.32,0.66,0.09,9,1,x,a
-4.5,15.566631304984,1.32,0.66,0.09,9,1,x,a
-3.5,12.600724846267,1.32,0.66,0.09,9,1,x,a
-2.0,27.0228490937222,1.32,0.66,0.09,9,1,x,a
-1.0,24.2091447499642,1.32,0.66,0.09,9,1,x,a
-0.5,20.5699468025028,1.32,0.66,0.09,9,1,x,a
0.5,23.1034871969134,1.32,0.66,0.09,9,1,x,a
1.0,25.58439452064,1.32,0.66,0.09,9,1,x,a
2.0,27.1457083241093,1.32,0.66,0.09,9,1,x,a
3.0,22.4696724279305,1.32,0.66,0.09,9,1,x,a
10.0,20.2211568133106,1.32,0.66,0.09,9,1,x,a
10.5,18.0888695095705,1.32,0.66,0.09,9,1,x,a
12.5,40.0183660359871,1.32,0.66,0.09,9,1,x,a
13.5,39.7727922479073,1.32,0.66,0.09,9,1,x,a
14.0,31.362557953999,1.32,0.66,0.09,9,1,x,a
14.5,25.1647792544073,1.32,0.66,0.09,9,1,x,a
15.5,21.922709574062,1.32,0.66,0.09,9,1,x,a
18.0,34.3512952400455,1.32,0.66,0.09,9,1,x,a
18.5,45.4643096502616,1.32,0.66,0.09,9,1,x,a
-18.5,26.9654740024671,1.32,0.66,0.09,10,1,x,a
-18.0,22.2520058674874,1.32,0.66,0.09,10,1,x,a
-14.0,38.6534041633288,1.32,0.66,0.09,10,1,x,a
-13.5,41.7151990742156,1.32,0.66,0.09,10,1,x,a
-12.5,47.2725794250986,1.32,0.66,0.09,10,1,x,a
-10.5,25.7533330490047,1.32,0.66,0.09,10,1,x,a
-10.0,17.7657538332579,1.32,0.66,0.09,10,1,x,a
-9.0,9.64424863481891,1.32,0.66,0.09,10,1,x,a
-8.5,10.528497523488,1.32,0.66,0.09,10,1,x,a
-7.0,15.5205289757898,1.32,0.66,0.09,10,1,x,a
-5.5,18.2623456642959,1.32,0.66,0.09,10,1,x,a
-4.5,16.9477720009008,1.32,0.66,0.09,10,1,x,a
-4.0,15.7975141410232,1.32,0.66,0.09,10,1,x,a
-2.0,28.1667276637523,1.32,0.66,0.09,10,1,x,a
-1.5,27.6036797711188,1.32,0.66,0.09,10,1,x,a
0.0,18.3305750443505,1.32,0.66,0.09,10,1,x,a
0.5,19.9681795754613,1.32,0.66,0.09,10,1,x,a
4.5,17.3202558233565,1.32,0.66,0.09,10,1,x,a
5.0,21.2886433019624,1.32,0.66,0.09,10,1,x,a
7.0,18.4789866555883,1.32,0.66,0.09,10,1,x,a
8.5,12.2792150555806,1.32,0.66,0.09,10,1,x,a
10.0,17.1201102964915,1.32,0.66,0.09,10,1,x,a
10.5,15.0348332706998,1.32,0.66,0.09,10,1,x,a
12.5,34.6791438474052,1.32,0.66,0.09,10,1,x,a
15.5,20.3420608963619,1.32,0.66,0.09,10,1,x,a
17.0,19.7581940431163,1.32,0.66,0.09,10,1,x,a
17.5,25.6591304892304,1.32,0.66,0.09,10,1,x,a
18.5,45.7268088412697,1.32,0.66,0.09,10,1,x,a
19.0,53.9414936745843,1.32,0.66,0.09,10,1,x,a
20.0,47.4668734480259,1.32,0.66,0.09,10,1,x,a
-19.5,39.6689699057474,1.32,0.66,0.09,11,1,x,a
-18.5,24.6929183656131,1.32,0.66,0.09,11,1,x,a
-16.0,37.443879717361,1.32,0.66,0.09,11,1,x,a
-15.5,39.6708088460384,1.32,0.66,0.09,11,1,x,a
-15.0,39.7120007093396,1.32,0.66,0.09,11,1,x,a
-13.5,43.1960061843161,1.32,0.66,0.09,11,1,x,a
-13.0,45.8679438966914,1.32,0.66,0.09,11,1,x,a
-12.0,45.7933312001483,1.32,0.66,0.09,11,1,x,a
-11.5,41.306087446394,1.32,0.66,0.09,11,1,x,a
-11.0,34.8600567513295,1.32,0.66,0.09,11,1,x,a
-10.0,20.6997817603798,1.32,0.66,0.09,11,1,x,a
-5.0,23.3445400165672,1.32,0.66,0.09,11,1,x,a
-3.5,14.8147784043079,1.32,0.66,0.09,11,1,x,a
-3.0,17.1938112816594,1.32,0.66,0.09,11,1,x,a
-1.5,25.9423053017592,1.32,0.66,0.09,11,1,x,a
-1.0,22.3519472435243,1.32,0.66,0.09,11,1,x,a
0.0,19.674147157328,1.32,0.66,0.09,11,1,x,a
1.0,25.0492514684513,1.32,0.66,0.09,11,1,x,a
2.5,21.3970354743466,1.32,0.66,0.09,11,1,x,a
3.0,18.7505775865985,1.32,0.66,0.09,11,1,x,a
5.0,23.7000125095471,1.32,0.66,0.09,11,1,x,a
7.5,16.2382225837582,1.32,0.66,0.09,11,1,x,a
10.0,14.6929900479722,1.32,0.66,0.09,11,1,x,a
10.5,13.734083007847,1.32,0.66,0.09,11,1,x,a
11.0,13.3210027256016,1.32,0.66,0.09,11,1,x,a
11.5,18.7077547956634,1.32,0.66,0.09,11,1,x,a
13.0,43.9474845397822,1.32,0.66,0.09,11,1,x,a
15.0,27.4849938091849,1.32,0.66,0.09,11,1,x,a
18.5,45.6608786103171,1.32,0.66,0.09,11,1,x,a
20.0,47.9159251857574,1.32,0.66,0.09,11,1,x,a
-19.5,38.7192833041333,1.32,0.66,0.09,12,1,x,a
-18.5,24.4989270285977,1.32,0.66,0.09,12,1,x,a
-16.5,32.1448784446264,1.32,0.66,0.09,12,1,x,a
-13.5,40.9394523721015,1.32,0.66,0.09,12,1,x,a
-13.0,44.675297885845,1.32,0.66,0.09,12,1,x,a
-10.5,27.322534533197,1.32,0.66,0.09,12,1,x,a
-10.0,20.8982722251375,1.32,0.66,0.09,12,1,x,a
-9.5,15.9079480702769,1.32,0.66,0.09,12,1,x,a
-9.0,13.4250538148929,1.32,0.66,0.09,12,1,x,a
-5.5,18.4671143489534,1.32,0.66,0.09,12,1,x,a
-5.0,18.0281969229979,1.32,0.66,0.09,12,1,x,a
-4.5,15.6670987886187,1.32,0.66,0.09,12,1,x,a
-3.5,13.410031128279,1.32,0.66,0.09,12,1,x,a
-3.0,17.3120828354664,1.32,0.66,0.09,12,1,x,a
-2.5,23.2511403916653,1.32,0.66,0.09,12,1,x,a
0.5,20.9139306752714,1.32,0.66,0.09,12,1,x,a
1.5,27.8341069920943,1.32,0.66,0.09,12,1,x,a
3.5,16.8340018668315,1.32,0.66,0.09,12,1,x,a
4.5,17.1929776062534,1.32,0.66,0.09,12,1,x,a
6.0,26.6265472750965,1.32,0.66,0.09,12,1,x,a
7.0,22.6438317095727,1.32,0.66,0.09,12,1,x,a
8.5,14.7618913967318,1.32,0.66,0.09,12,1,x,a
10.0,20.8453776315959,1.32,0.66,0.09,12,1,x,a
11.0,15.8502514914011,1.32,0.66,0.09,12,1,x,a
11.5,19.6360889979028,1.32,0.66,0.09,12,1,x,a
13.5,40.4084533789527,1.32,0.66,0.09,12,1,x,a
14.0,32.630538445384,1.32,0.66,0.09,12,1,x,a
16.5,17.8497180940456,1.32,0.66,0.09,12,1,x,a
17.0,19.522490866761,1.32,0.66,0.09,12,1,x,a
17.5,26.4505413204576,1.32,0.66,0.09,12,1,x,a
-20.0,47.7643912747424,1.2,0.85,0.05,13,2,x,a
-19.0,51.9341109093985,1.2,0.85,0.05,13,2,x,a
-16.5,55.4471340528667,1.2,0.85,0.05,13,2,x,a
-16.0,47.5792415004703,1.2,0.85,0.05,13,2,x,a
-15.0,37.2311464178442,1.2,0.85,0.05,13,2,x,a
-13.0,52.7077216083085,1.2,0.85,0.05,13,2,x,a
-12.0,59.2473671219279,1.2,0.85,0.05,13,2,x,a
-10.5,39.7138497321123,1.2,0.85,0.05,13,2,x,a
-9.0,35.2227165539413,1.2,0.85,0.05,13,2,x,a
-8.5,35.4804428617844,1.2,0.85,0.05,13,2,x,a
-7.0,44.0506188817185,1.2,0.85,0.05,13,2,x,a
-5.5,34.675399645732,1.2,0.85,0.05,13,2,x,a
-4.0,35.5245905725291,1.2,0.85,0.05,13,2,x,a
-2.5,30.1347803508928,1.2,0.85,0.05,13,2,x,a
-1.5,31.9300585209978,1.2,0.85,0.05,13,2,x,a
-1.0,32.9293363216498,1.2,0.85,0.05,13,2,x,a
0.0,31.7987904845137,1.2,0.85,0.05,13,2,x,a
2.5,24.0737546065219,1.2,0.85,0.05,13,2,x,a
3.5,23.4497877070068,1.2,0.85,0.05,13,2,x,a
8.5,16.4399516104407,1.2,0.85,0.05,13,2,x,a
9.0,16.3753593720772,1.2,0.85,0.05,13,2,x,a
12.5,-0.362076194903039,1.2,0.85,0.05,13,2,x,a
13.0,4.51667971551846,1.2,0.85,0.05,13,2,x,a
13.5,8.33527966334965,1.2,0.85,0.05,13,2,x,a
16.0,-4.32935835934785,1.2,0.85,0.05,13,2,x,a
16.5,-12.0821890070823,1.2,0.85,0.05,13,2,x,a
17.5,-19.5200016754283,1.2,0.85,0.05,13,2,x,a
18.0,-15.4159761044869,1.2,0.85,0.05,13,2,x,a
19.5,-2.41873327233013,1.2,0.85,0.05,13,2,x,a
20.0,-2.80251959564461,1.2,0.85,0.05,13,2,x,a
-20.0,49.2410219791855,1.2,0.85,0.05,14,2,x,a
-19.0,53.8943787553764,1.2,0.85,0.05,14,2,x,a
-18.5,58.5736082373212,1.2,0.85,0.05,14,2,x,a
-18.0,64.1360161089699,1.2,0.85,0.05,14,2,x,a
-17.0,63.6514579025281,1.2,0.85,0.05,14,2,x,a
-16.0,48.1455766603628,1.2,0.85,0.05,14,2,x,a
-14.0,38.9569796120151,1.2,0.85,0.05,14,2,x,a
-13.0,50.4179403669651,1.2,0.85,0.05,14,2,x,a
-10.0,42.9558965497467,1.2,0.85,0.05,14,2,x,a
-9.0,40.1855561705019,1.2,0.85,0.05,14,2,x,a
-8.5,39.0477793353555,1.2,0.85,0.05,14,2,x,a
-6.0,38.5472934860264,1.2,0.85,0.05,14,2,x,a
-5.5,34.7452486816078,1.2,0.85,0.05,14,2,x,a
-3.5,36.0941173598897,1.2,0.85,0.05,14,2,x,a
-2.5,31.4444318237323,1.2,0.85,0.05,14,2,x,a
-2.0,31.660959888068,1.2,0.85,0.05,14,2,x,a
-0.5,35.3929145678361,1.2,0.85,0.05,14,2,x,a
1.0,28.1967342591126,1.2,0.85,0.05,14,2,x,a
1.5,24.8009283243845,1.2,0.85,0.05,14,2,x,a
2.0,21.2079005830855,1.2,0.85,0.05,14,2,x,a
3.0,16.4586546274698,1.2,0.85,0.05,14,2,x,a
9.0,14.3028527010691,1.2,0.85,0.05,14,2,x,a
9.5,8.23561542002244,1.2,0.85,0.05,14,2,x,a
10.5,-3.97868438133878,1.2,0.85,0.05,14,2,x,a
12.0,-5.33994093470417,1.2,0.85,0.05,14,2,x,a
13.0,2.98973716222428,1.2,0.85,0.05,14,2,x,a
15.0,5.60864738656097,1.2,0.85,0.05,14,2,x,a
18.5,-9.47745935774107,1.2,0.85,0.05,14,2,x,a
19.0,-5.24807278223453,1.2,0.85,0.05,14,2,x,a
20.0,-3.79400685327206,1.2,0.85,0.05,14,2,x,a
-19.5,48.4625337113285,1.2,0.85,0.05,15,2,x,a
-18.5,55.6702256758631,1.2,0.85,0.05,15,2,x,a
-18.0,60.9890148697877,1.2,0.85,0.05,15,2,x,a
-17.5,62.7095006482502,1.2,0.85,0.05,15,2,x,a
-17.0,60.188040001403,1.2,0.85,0.05,15,2,x,a
-16.5,53.3113002353811,1.2,0.85,0.05,15,2,x,a
-13.5,42.0776161256473,1.2,0.85,0.05,15,2,x,a
-13.0,48.4909683984684,1.2,0.85,0.05,15,2,x,a
-12.5,54.3302813814577,1.2,0.85,0.05,15,2,x,a
-10.0,39.0741488449765,1.2,0.85,0.05,15,2,x,a
-8.5,36.559905434696,1.2,0.85,0.05,15,2,x,a
-8.0,38.6023632017605,1.2,0.85,0.05,15,2,x,a
-7.5,41.2926555374202,1.2,0.85,0.05,15,2,x,a
-6.5,41.8099438002952,1.2,0.85,0.05,15,2,x,a
-2.5,26.9608361650163,1.2,0.85,0.05,15,2,x,a
-2.0,26.9973425071831,1.2,0.85,0.05,15,2,x,a
-0.5,31.9426655615366,1.2,0.85,0.05,15,2,x,a
0.0,31.2989318628479,1.2,0.85,0.05,15,2,x,a
1.5,23.9646375105321,1.2,0.85,0.05,15,2,x,a
2.0,20.7026985506521,1.2,0.85,0.05,15,2,x,a
4.0,22.5283380345753,1.2,0.85,0.05,15,2,x,a
4.5,28.6053541316942,1.2,0.85,0.05,15,2,x,a
7.0,13.573420483398,1.2,0.85,0.05,15,2,x,a
9.5,10.1153956897345,1.2,0.85,0.05,15,2,x,a
10.0,3.19656739127482,1.2,0.85,0.05,15,2,x,a
11.5,-4.89427249943073,1.2,0.85,0.05,15,2,x,a
14.5,6.10302825219321,1.2,0.85,0.05,15,2,x,a
15.5,1.25583888286867,1.2,0.85,0.05,15,2,x,a
17.5,-18.6312075795418,1.2,0.85,0.05,15,2,x,a
18.0,-15.1091757675782,1.2,0.85,0.05,15,2,x,a
-19.5,48.7687786026332,1.2,0.85,0.05,16,2,x,a
-18.0,62.3159416488346,1.2,0.85,0.05,16,2,x,a
-17.0,63.9895730744032,1.2,0.85,0.05,16,2,x,a
-16.5,57.6420220599147,1.2,0.85,0.05,16,2,x,a
-16.0,49.4932986877329,1.2,0.85,0.05,16,2,x,a
-13.5,41.1817940615855,1.2,0.85,0.05,16,2,x,a
-12.0,54.6629128300355,1.2,0.85,0.05,16,2,x,a
-10.0,37.8987462856781,1.2,0.85,0.05,16,2,x,a
-9.5,37.6375687173912,1.2,0.85,0.05,16,2,x,a
-8.5,36.3276625351294,1.2,0.85,0.05,16,2,x,a
-7.5,41.7348539969898,1.2,0.85,0.05,16,2,x,a
-7.0,45.1171383688135,1.2,0.85,0.05,16,2,x,a
-6.0,41.7785376391683,1.2,0.85,0.05,16,2,x,a
-5.5,38.6409404463708,1.2,0.85,0.05,16,2,x,a
-4.5,35.5479786342206,1.2,0.85,0.05,16,2,x,a
-3.5,33.4695006169468,1.2,0.85,0.05,16,2,x,a
-1.5,27.3791926342749,1.2,0.85,0.05,16,2,x,a
-1.0,29.9838444599776,1.2,0.85,0.05,16,2,x,a
-0.5,30.9709751539774,1.2,0.85,0.05,16,2,x,a
1.0,30.0612002446343,1.2,0.85,0.05,16,2,x,a
2.5,23.9385038573463,1.2,0.85,0.05,16,2,x,a
4.5,27.5691096583875,1.2,0.85,0.05,16,2,x,a
7.0,13.5115454800806,1.2,0.85,0.05,16,2,x,a
9.5,12.5567048690709,1.2,0.85,0.05,16,2,x,a
10.5,0.796535722601136,1.2,0.85,0.05,16,2,x,a
12.0,-4.80252136919817,1.2,0.85,0.05,16,2,x,a
12.5,-1.52661080952294,1.2,0.85,0.05,16,2,x,a
14.5,5.68233905215019,1.2,0.85,0.05,16,2,x,a
16.0,-3.20688569981621,1.2,0.85,0.05,16,2,x,a
16.5,-10.5026737314597,1.2,0.85,0.05,16,2,x,a
-19.5,47.489336651576,1.2,0.85,0.05,17,2,x,a
-19.0,50.8471600912902,1.2,0.85,0.05,17,2,x,a
-18.0,60.9111048801124,1.2,0.85,0.05,17,2,x,a
-17.5,63.4399604752331,1.2,0.85,0.05,17,2,x,a
-17.0,60.5270814161193,1.2,0.85,0.05,17,2,x,a
-15.5,38.6215822183556,1.2,0.85,0.05,17,2,x,a
-13.5,42.5468422524806,1.2,0.85,0.05,17,2,x,a
-11.5,55.3235537865703,1.2,0.85,0.05,17,2,x,a
-10.5,43.4378735585111,1.2,0.85,0.05,17,2,x,a
-7.0,42.2275220570405,1.2,0.85,0.05,17,2,x,a
-4.5,32.6292715431119,1.2,0.85,0.05,17,2,x,a
-3.0,32.7676708444133,1.2,0.85,0.05,17,2,x,a
-1.0,34.3688038581104,1.2,0.85,0.05,17,2,x,a
1.0,27.6849763396833,1.2,0.85,0.05,17,2,x,a
3.5,19.6997409479438,1.2,0.85,0.05,17,2,x,a
5.5,24.58861855143,1.2,0.85,0.05,17,2,x,a
7.0,11.3621517491007,1.2,0.85,0.05,17,2,x,a
7.5,13.0035681650623,1.2,0.85,0.05,17,2,x,a
8.0,16.3931840984483,1.2,0.85,0.05,17,2,x,a
8.5,18.6148225760652,1.2,0.85,0.05,17,2,x,a
9.0,17.4956756455407,1.2,0.85,0.05,17,2,x,a
10.0,6.81627789213359,1.2,0.85,0.05,17,2,x,a
11.0,-2.65574237375608,1.2,0.85,0.05,17,2,x,a
12.5,-1.02634458990374,1.2,0.85,0.05,17,2,x,a
13.5,4.67125753142476,1.2,0.85,0.05,17,2,x,a
14.0,5.19263489007436,1.2,0.85,0.05,17,2,x,a
14.5,3.2456556076766,1.2,0.85,0.05,17,2,x,a
15.5,0.0271686768674304,1.2,0.85,0.05,17,2,x,a
17.5,-18.6910921419478,1.2,0.85,0.05,17,2,x,a
19.0,-5.30278591494681,1.2,0.85,0.05,17,2,x,a
-20.0,48.0417686838689,1.2,0.85,0.05,18,2,x,a
-19.5,50.1530561768618,1.2,0.85,0.05,18,2,x,a
-18.0,63.438375795047,1.2,0.85,0.05,18,2,x,a
-14.5,39.8485564450551,1.2,0.85,0.05,18,2,x,a
-13.5,45.3667846465643,1.2,0.85,0.05,18,2,x,a
-12.5,55.9131414634358,1.2,0.85,0.05,18,2,x,a
-10.0,37.7366973293636,1.2,0.85,0.05,18,2,x,a
-9.5,35.6448948831609,1.2,0.85,0.05,18,2,x,a
-9.0,34.2143444111471,1.2,0.85,0.05,18,2,x,a
-7.5,40.3733797764007,1.2,0.85,0.05,18,2,x,a
-5.5,35.9149724548933,1.2,0.85,0.05,18,2,x,a
-4.5,33.8567710082317,1.2,0.85,0.05,18,2,x,a
-1.5,32.1576616407087,1.2,0.85,0.05,18,2,x,a
-1.0,34.4663050867352,1.2,0.85,0.05,18,2,x,a
0.0,34.6782578751005,1.2,0.85,0.05,18,2,x,a
0.5,33.7446327092178,1.2,0.85,0.05,18,2,x,a
1.0,32.0622788000161,1.2,0.85,0.05,18,2,x,a
3.5,22.1422582641007,1.2,0.85,0.05,18,2,x,a
4.5,28.869868433798,1.2,0.85,0.05,18,2,x,a
6.0,18.9024635941025,1.2,0.85,0.05,18,2,x,a
6.5,12.252702258129,1.2,0.85,0.05,18,2,x,a
7.0,9.05389161158335,1.2,0.85,0.05,18,2,x,a
9.0,13.5972339193972,1.2,0.85,0.05,18,2,x,a
10.0,2.07372876557721,1.2,0.85,0.05,18,2,x,a
13.5,5.01810196335218,1.2,0.85,0.05,18,2,x,a
14.5,3.48800080968233,1.2,0.85,0.05,18,2,x,a
16.0,-3.1339486891441,1.2,0.85,0.05,18,2,x,a
16.5,-11.2691393369901,1.2,0.85,0.05,18,2,x,a
17.0,-18.1367064606546,1.2,0.85,0.05,18,2,x,a
17.5,-20.032495544935,1.2,0.85,0.05,18,2,x,a
-20.0,48.9293157881094,1.2,0.85,0.05,19,2,x,a
-19.5,51.6136764439216,1.2,0.85,0.05,19,2,x,a
-19.0,54.9073732604991,1.2,0.85,0.05,19,2,x,a
-18.0,64.1723033111859,1.2,0.85,0.05,19,2,x,a
-16.5,56.1508348701519,1.2,0.85,0.05,19,2,x,a
-16.0,48.3207422409769,1.2,0.85,0.05,19,2,x,a
-12.0,59.0226247547467,1.2,0.85,0.05,19,2,x,a
-11.5,53.4767083924025,1.2,0.85,0.05,19,2,x,a
-11.0,45.9239626858302,1.2,0.85,0.05,19,2,x,a
-8.5,35.2570350550643,1.2,0.85,0.05,19,2,x,a
-7.0,45.9407037318587,1.2,0.85,0.05,19,2,x,a
-4.0,30.6506125550503,1.2,0.85,0.05,19,2,x,a
-2.0,28.9825526508096,1.2,0.85,0.05,19,2,x,a
-1.0,34.2224922309307,1.2,0.85,0.05,19,2,x,a
-0.5,34.410684810612,1.2,0.85,0.05,19,2,x,a
0.0,32.9384210199907,1.2,0.85,0.05,19,2,x,a
0.5,31.6526910505972,1.2,0.85,0.05,19,2,x,a
1.5,27.6239945661564,1.2,0.85,0.05,19,2,x,a
6.0,18.2344631931371,1.2,0.85,0.05,19,2,x,a
6.5,12.1133730591109,1.2,0.85,0.05,19,2,x,a
7.5,9.66126687404298,1.2,0.85,0.05,19,2,x,a
8.0,12.2905832655962,1.2,0.85,0.05,19,2,x,a
8.5,14.9021747245054,1.2,0.85,0.05,19,2,x,a
9.5,9.60495538179712,1.2,0.85,0.05,19,2,x,a
10.5,-1.98097225972328,1.2,0.85,0.05,19,2,x,a
14.0,6.22871558892028,1.2,0.85,0.05,19,2,x,a
15.0,2.79334635224176,1.2,0.85,0.05,19,2,x,a
16.5,-12.6634049890486,1.2,0.85,0.05,19,2,x,a
17.0,-19.4886046297441,1.2,0.85,0.05,19,2,x,a
20.0,-2.17602011494283,1.2,0.85,0.05,19,2,x,a
-18.5,57.216645435977,1.2,0.85,0.05,20,2,x,a
-17.0,63.1821614714849,1.2,0.85,0.05,20,2,x,a
-15.0,36.0541546782893,1.2,0.85,0.05,20,2,x,a
-14.5,34.9581703334119,1.2,0.85,0.05,20,2,x,a
-14.0,36.6191031386575,1.2,0.85,0.05,20,2,x,a
-13.0,48.5299320798292,1.2,0.85,0.05,20,2,x,a
-12.0,57.1020468025111,1.2,0.85,0.05,20,2,x,a
-11.0,45.9337373361107,1.2,0.85,0.05,20,2,x,a
-10.0,39.8322589755169,1.2,0.85,0.05,20,2,x,a
-9.0,35.5449459721244,1.2,0.85,0.05,20,2,x,a
-7.0,40.0839930543096,1.2,0.85,0.05,20,2,x,a
-6.0,35.3609231432867,1.2,0.85,0.05,20,2,x,a
-4.5,31.4719854936748,1.2,0.85,0.05,20,2,x,a
-3.5,34.0981590328131,1.2,0.85,0.05,20,2,x,a
-3.0,31.5566781342975,1.2,0.85,0.05,20,2,x,a
2.5,18.9658408324001,1.2,0.85,0.05,20,2,x,a
4.5,25.567408373768,1.2,0.85,0.05,20,2,x,a
5.5,25.4516891141742,1.2,0.85,0.05,20,2,x,a
6.0,19.1534402400839,1.2,0.85,0.05,20,2,x,a
6.5,12.7156360871383,1.2,0.85,0.05,20,2,x,a
7.0,9.86924854470952,1.2,0.85,0.05,20,2,x,a
7.5,11.1553798306836,1.2,0.85,0.05,20,2,x,a
8.5,17.9916253824411,1.2,0.85,0.05,20,2,x,a
9.0,17.9484577934768,1.2,0.85,0.05,20,2,x,a
11.0,-2.27105636593694,1.2,0.85,0.05,20,2,x,a
12.0,-4.16129675571711,1.2,0.85,0.05,20,2,x,a
12.5,-1.63139069938171,1.2,0.85,0.05,20,2,x,a
14.5,5.81628682200665,1.2,0.85,0.05,20,2,x,a
17.5,-19.1570780249399,1.2,0.85,0.05,20,2,x,a
20.0,-2.87800980809521,1.2,0.85,0.05,20,2,x,a
-19.5,50.6157238243987,1.2,0.85,0.05,21,2,x,a
-18.0,63.630261974638,1.2,0.85,0.05,21,2,x,a
-17.5,65.9620460121905,1.2,0.85,0.05,21,2,x,a
-16.0,47.7025787629829,1.2,0.85,0.05,21,2,x,a
-15.0,37.3944058034858,1.2,0.85,0.05,21,2,x,a
-13.5,47.4812290088637,1.2,0.85,0.05,21,2,x,a
-13.0,54.7965848904285,1.2,0.85,0.05,21,2,x,a
-11.5,56.2237369606795,1.2,0.85,0.05,21,2,x,a
-10.0,39.6891579833837,1.2,0.85,0.05,21,2,x,a
-7.0,46.2852719131578,1.2,0.85,0.05,21,2,x,a
-6.0,41.813626226538,1.2,0.85,0.05,21,2,x,a
-5.5,38.0986755978837,1.2,0.85,0.05,21,2,x,a
-4.5,36.6317519360032,1.2,0.85,0.05,21,2,x,a
-3.0,36.2509567966084,1.2,0.85,0.05,21,2,x,a
-2.0,33.7835938959011,1.2,0.85,0.05,21,2,x,a
-1.5,35.5861745732745,1.2,0.85,0.05,21,2,x,a
1.0,28.7038475589214,1.2,0.85,0.05,21,2,x,a
3.5,21.1399449893418,1.2,0.85,0.05,21,2,x,a
5.5,26.4505024300174,1.2,0.85,0.05,21,2,x,a
6.5,14.3858205325075,1.2,0.85,0.05,21,2,x,a
7.0,10.9080831608002,1.2,0.85,0.05,21,2,x,a
8.5,16.4253330069991,1.2,0.85,0.05,21,2,x,a
11.0,-6.68853352139306,1.2,0.85,0.05,21,2,x,a
12.0,-5.46626436207191,1.2,0.85,0.05,21,2,x,a
12.5,-1.35146181099176,1.2,0.85,0.05,21,2,x,a
13.0,3.76321661375934,1.2,0.85,0.05,21,2,x,a
14.0,7.83719022004366,1.2,0.85,0.05,21,2,x,a
14.5,5.16892422503011,1.2,0.85,0.05,21,2,x,a
16.0,-5.73889404134822,1.2,0.85,0.05,21,2,x,a
19.0,-4.76503315581464,1.2,0.85,0.05,21,2,x,a
-19.0,50.029431623705,1.2,0.85,0.05,22,2,x,a
-17.5,62.9957762481621,1.2,0.85,0.05,22,2,x,a
-17.0,60.8236309667047,1.2,0.85,0.05,22,2,x,a
-16.5,54.024385049731,1.2,0.85,0.05,22,2,x,a
-15.5,39.2062519395141,1.2,0.85,0.05,22,2,x,a
-14.0,40.158686370408,1.2,0.85,0.05,22,2,x,a
-13.5,46.0466180492088,1.2,0.85,0.05,22,2,x,a
-12.5,58.1372729628917,1.2,0.85,0.05,22,2,x,a
-11.5,52.4666263376511,1.2,0.85,0.05,22,2,x,a
-9.5,35.0449920015102,1.2,0.85,0.05,22,2,x,a
-9.0,33.8552538553149,1.2,0.85,0.05,22,2,x,a
-7.5,40.717559796338,1.2,0.85,0.05,22,2,x,a
-7.0,43.9131176333987,1.2,0.85,0.05,22,2,x,a
-6.5,43.6295694412047,1.2,0.85,0.05,22,2,x,a
-6.0,41.0735419882661,1.2,0.85,0.05,22,2,x,a
-3.5,39.1560918679468,1.2,0.85,0.05,22,2,x,a
-2.5,33.3332645596958,1.2,0.85,0.05,22,2,x,a
0.5,31.2535368045211,1.2,0.85,0.05,22,2,x,a
3.0,19.6114396370395,1.2,0.85,0.05,22,2,x,a
3.5,21.0290877622332,1.2,0.85,0.05,22,2,x,a
4.0,24.3664310208422,1.2,0.85,0.05,22,2,x,a
5.0,30.0051858350544,1.2,0.85,0.05,22,2,x,a
6.5,13.1498276165209,1.2,0.85,0.05,22,2,x,a
8.0,15.732867683094,1.2,0.85,0.05,22,2,x,a
8.5,18.2951979996197,1.2,0.85,0.05,22,2,x,a
11.0,-1.88098109948206,1.2,0.85,0.05,22,2,x,a
12.5,-1.1212056126772,1.2,0.85,0.05,22,2,x,a
13.0,3.49791630877791,1.2,0.85,0.05,22,2,x,a
15.0,4.57408964909982,1.2,0.85,0.05,22,2,x,a
16.5,-10.0611609299758,1.2,0.85,0.05,22,2,x,a
-18.0,60.8164149174926,1.2,0.85,0.05,23,2,x,a
-17.5,64.0314318486657,1.2,0.85,0.05,23,2,x,a
-15.0,36.8867774599705,1.2,0.85,0.05,23,2,x,a
-14.5,37.1106698189755,1.2,0.85,0.05,23,2,x,a
-13.0,52.023246192157,1.2,0.85,0.05,23,2,x,a
-12.0,59.0155996487953,1.2,0.85,0.05,23,2,x,a
-11.5,53.064602638006,1.2,0.85,0.05,23,2,x,a
-10.5,41.4947311049126,1.2,0.85,0.05,23,2,x,a
-10.0,39.746283777576,1.2,0.85,0.05,23,2,x,a
-9.5,38.4683525745776,1.2,0.85,0.05,23,2,x,a
-7.5,41.0739307209297,1.2,0.85,0.05,23,2,x,a
-6.5,43.5363160784392,1.2,0.85,0.05,23,2,x,a
-5.0,32.2421528383187,1.2,0.85,0.05,23,2,x,a
-3.0,30.2949035502686,1.2,0.85,0.05,23,2,x,a
-2.0,30.1089383960045,1.2,0.85,0.05,23,2,x,a
-1.0,35.8477830737241,1.2,0.85,0.05,23,2,x,a
-0.5,34.5612766406906,1.2,0.85,0.05,23,2,x,a
2.5,20.3456348308092,1.2,0.85,0.05,23,2,x,a
4.0,21.6984768591892,1.2,0.85,0.05,23,2,x,a
4.5,27.9151596873231,1.2,0.85,0.05,23,2,x,a
5.0,30.6091034255534,1.2,0.85,0.05,23,2,x,a
5.5,28.3256372253929,1.2,0.85,0.05,23,2,x,a
6.5,16.2604496625726,1.2,0.85,0.05,23,2,x,a
7.0,12.8826814705935,1.2,0.85,0.05,23,2,x,a
8.5,16.1486500429015,1.2,0.85,0.05,23,2,x,a
12.5,-1.44939917972243,1.2,0.85,0.05,23,2,x,a
14.0,7.78049573928698,1.2,0.85,0.05,23,2,x,a
15.5,1.86691177750654,1.2,0.85,0.05,23,2,x,a
16.0,-3.63483407666872,1.2,0.85,0.05,23,2,x,a
18.5,-9.48983182428744,1.2,0.85,0.05,23,2,x,a
-20.0,47.2537688967345,1.2,0.85,0.05,24,2,x,a
-18.5,55.2486485925337,1.2,0.85,0.05,24,2,x,a
-17.5,64.3393714153519,1.2,0.85,0.05,24,2,x,a
-17.0,63.2828963530654,1.2,0.85,0.05,24,2,x,a
-14.5,37.5618341839088,1.2,0.85,0.05,24,2,x,a
-13.5,44.600318369351,1.2,0.85,0.05,24,2,x,a
-12.5,58.1887922336154,1.2,0.85,0.05,24,2,x,a
-12.0,60.6148012812847,1.2,0.85,0.05,24,2,x,a
-11.5,55.7762374841928,1.2,0.85,0.05,24,2,x,a
-11.0,48.1757259270833,1.2,0.85,0.05,24,2,x,a
-8.5,37.6661255611996,1.2,0.85,0.05,24,2,x,a
-6.0,39.6422193095747,1.2,0.85,0.05,24,2,x,a
-4.0,35.9336419104084,1.2,0.85,0.05,24,2,x,a
-2.0,29.3451393143805,1.2,0.85,0.05,24,2,x,a
-1.0,33.4374522128213,1.2,0.85,0.05,24,2,x,a
0.0,31.8331646826938,1.2,0.85,0.05,24,2,x,a
1.0,29.3920438396419,1.2,0.85,0.05,24,2,x,a
1.5,26.7154784212007,1.2,0.85,0.05,24,2,x,a
5.5,26.3160280286904,1.2,0.85,0.05,24,2,x,a
6.0,19.8817395854661,1.2,0.85,0.05,24,2,x,a
8.5,17.8700875972951,1.2,0.85,0.05,24,2,x,a
9.0,15.8377557159158,1.2,0.85,0.05,24,2,x,a
10.5,-1.26525724045854,1.2,0.85,0.05,24,2,x,a
11.5,-6.22145830897469,1.2,0.85,0.05,24,2,x,a
14.0,6.83691543309103,1.2,0.85,0.05,24,2,x,a
15.0,3.05784286817522,1.2,0.85,0.05,24,2,x,a
15.5,1.55317115172119,1.2,0.85,0.05,24,2,x,a
17.0,-16.8046629281056,1.2,0.85,0.05,24,2,x,a
17.5,-18.6666060003085,1.2,0.85,0.05,24,2,x,a
18.5,-9.45335643266173,1.2,0.85,0.05,24,2,x,a
-19.0,47.8208441123278,1.24,0.91,0.07,25,3,x,a
-18.0,39.8260651021256,1.24,0.91,0.07,25,3,x,a
-17.0,40.1656255369183,1.24,0.91,0.07,25,3,x,a
-16.5,40.1937428982152,1.24,0.91,0.07,25,3,x,a
-15.0,34.8333668926715,1.24,0.91,0.07,25,3,x,a
-13.5,41.4373877178829,1.24,0.91,0.07,25,3,x,a
-12.5,43.9696717767893,1.24,0.91,0.07,25,3,x,a
-12.0,39.6698065565506,1.24,0.91,0.07,25,3,x,a
-10.5,13.6419769265768,1.24,0.91,0.07,25,3,x,a
-9.0,9.41894898228847,1.24,0.91,0.07,25,3,x,a
-7.5,15.3702424973635,1.24,0.91,0.07,25,3,x,a
-6.0,-0.178810399119816,1.24,0.91,0.07,25,3,x,a
-5.0,-4.81539842966978,1.24,0.91,0.07,25,3,x,a
-4.0,-10.605457609552,1.24,0.91,0.07,25,3,x,a
-0.5,-20.9561778768631,1.24,0.91,0.07,25,3,x,a
0.0,-24.375571750054,1.24,0.91,0.07,25,3,x,a
1.0,-28.1941207903068,1.24,0.91,0.07,25,3,x,a
1.5,-28.9593307861339,1.24,0.91,0.07,25,3,x,a
2.5,-21.6806774730724,1.24,0.91,0.07,25,3,x,a
3.5,-19.2473138410774,1.24,0.91,0.07,25,3,x,a
6.5,-52.1316125366727,1.24,0.91,0.07,25,3,x,a
7.0,-53.6931536715859,1.24,0.91,0.07,25,3,x,a
8.0,-51.705229524423,1.24,0.91,0.07,25,3,x,a
9.0,-48.2446224526292,1.24,0.91,0.07,25,3,x,a
9.5,-52.5882936699539,1.24,0.91,0.07,25,3,x,a
13.0,-63.816211047852,1.24,0.91,0.07,25,3,x,a
13.5,-62.8312558874618,1.24,0.91,0.07,25,3,x,a
15.5,-90.495015938963,1.24,0.91,0.07,25,3,x,a
18.5,-97.3190162544978,1.24,0.91,0.07,25,3,x,a
19.5,-109.124658020863,1.24,0.91,0.07,25,3,x,a
-19.0,46.9259090286974,1.24,0.91,0.07,26,3,x,a
-17.0,38.9518959280539,1.24,0.91,0.07,26,3,x,a
-16.0,37.4505043510687,1.24,0.91,0.07,26,3,x,a
-15.0,35.0900747770787,1.24,0.91,0.07,26,3,x,a
-14.0,39.2231407961987,1.24,0.91,0.07,26,3,x,a
-13.5,42.8782627623504,1.24,0.91,0.07,26,3,x,a
-12.0,41.4163330392077,1.24,0.91,0.07,26,3,x,a
-11.5,34.8184337883358,1.24,0.91,0.07,26,3,x,a
-10.5,16.4680252635777,1.24,0.91,0.07,26,3,x,a
-9.5,8.39323317458946,1.24,0.91,0.07,26,3,x,a
-8.5,14.0642456589789,1.24,0.91,0.07,26,3,x,a
-8.0,17.3584449210636,1.24,0.91,0.07,26,3,x,a
-7.0,13.3267983415741,1.24,0.91,0.07,26,3,x,a
-5.0,-4.38443637688251,1.24,0.91,0.07,26,3,x,a
-4.5,-6.50043239186463,1.24,0.91,0.07,26,3,x,a
-4.0,-10.5936273525771,1.24,0.91,0.07,26,3,x,a
-2.5,-20.7569651545023,1.24,0.91,0.07,26,3,x,a
2.5,-18.3637368598137,1.24,0.91,0.07,26,3,x,a
4.5,-26.3289884849039,1.24,0.91,0.07,26,3,x,a
6.0,-45.2220676902767,1.24,0.91,0.07,26,3,x,a
7.0,-53.4670668016116,1.24,0.91,0.07,26,3,x,a
8.0,-54.2979643371405,1.24,0.91,0.07,26,3,x,a
10.5,-70.1231180704431,1.24,0.91,0.07,26,3,x,a
11.0,-74.5429987705924,1.24,0.91,0.07,26,3,x,a
11.5,-75.8635162329728,1.24,0.91,0.07,26,3,x,a
14.5,-79.0840917989665,1.24,0.91,0.07,26,3,x,a
15.0,-87.621791749895,1.24,0.91,0.07,26,3,x,a
16.0,-91.6254699031023,1.24,0.91,0.07,26,3,x,a
17.0,-84.5309062899404,1.24,0.91,0.07,26,3,x,a
19.5,-105.561380496868,1.24,0.91,0.07,26,3,x,a
-19.0,48.3801877713747,1.24,0.91,0.07,27,3,x,a
-17.5,36.7501048855515,1.24,0.91,0.07,27,3,x,a
-17.0,36.7250607969933,1.24,0.91,0.07,27,3,x,a
-16.0,34.4253994567966,1.24,0.91,0.07,27,3,x,a
-15.0,30.3784001234392,1.24,0.91,0.07,27,3,x,a
-11.0,25.6274544891956,1.24,0.91,0.07,27,3,x,a
-10.5,16.546924624889,1.24,0.91,0.07,27,3,x,a
-10.0,9.92445159407447,1.24,0.91,0.07,27,3,x,a
-9.0,10.6950807127916,1.24,0.91,0.07,27,3,x,a
-8.5,14.045179993416,1.24,0.91,0.07,27,3,x,a
-5.5,-2.49733526602664,1.24,0.91,0.07,27,3,x,a
-4.5,-5.65365596383409,1.24,0.91,0.07,27,3,x,a
-3.5,-13.4090947380087,1.24,0.91,0.07,27,3,x,a
-2.0,-22.2017163612783,1.24,0.91,0.07,27,3,x,a
-1.5,-22.1810646778446,1.24,0.91,0.07,27,3,x,a
-0.5,-22.8693775084387,1.24,0.91,0.07,27,3,x,a
0.0,-24.0070333057571,1.24,0.91,0.07,27,3,x,a
1.5,-24.8644632389946,1.24,0.91,0.07,27,3,x,a
2.0,-21.6432145825172,1.24,0.91,0.07,27,3,x,a
4.0,-18.2523349344577,1.24,0.91,0.07,27,3,x,a
8.0,-55.9596957385548,1.24,0.91,0.07,27,3,x,a
10.0,-62.5831241992449,1.24,0.91,0.07,27,3,x,a
11.5,-76.6012338996816,1.24,0.91,0.07,27,3,x,a
12.0,-74.8277286635703,1.24,0.91,0.07,27,3,x,a
14.0,-70.1665782766887,1.24,0.91,0.07,27,3,x,a
15.5,-89.8688630846738,1.24,0.91,0.07,27,3,x,a
16.5,-85.54248842825,1.24,0.91,0.07,27,3,x,a
17.5,-81.2168431458792,1.24,0.91,0.07,27,3,x,a
18.0,-85.5662087795074,1.24,0.91,0.07,27,3,x,a
19.0,-101.410082723108,1.24,0.91,0.07,27,3,x,a
-20.0,66.580956494087,1.24,0.91,0.07,28,3,x,a
-19.0,48.7184377061776,1.24,0.91,0.07,28,3,x,a
-15.5,32.5225360465146,1.24,0.91,0.07,28,3,x,a
-13.5,38.7119701827832,1.24,0.91,0.07,28,3,x,a
-13.0,40.4260466071953,1.24,0.91,0.07,28,3,x,a
-12.5,40.3711660435994,1.24,0.91,0.07,28,3,x,a
-9.0,11.146960478421,1.24,0.91,0.07,28,3,x,a
-6.5,5.89055866101944,1.24,0.91,0.07,28,3,x,a
-6.0,0.226487836736224,1.24,0.91,0.07,28,3,x,a
-5.0,-4.59141461331682,1.24,0.91,0.07,28,3,x,a
-4.0,-9.62313270473663,1.24,0.91,0.07,28,3,x,a
-3.5,-14.2614051651759,1.24,0.91,0.07,28,3,x,a
-0.5,-19.2810234496639,1.24,0.91,0.07,28,3,x,a
0.0,-21.6536058622496,1.24,0.91,0.07,28,3,x,a
0.5,-23.9832350086723,1.24,0.91,0.07,28,3,x,a
2.0,-21.991427171674,1.24,0.91,0.07,28,3,x,a
3.0,-15.1351241030667,1.24,0.91,0.07,28,3,x,a
4.5,-26.2330023204536,1.24,0.91,0.07,28,3,x,a
7.0,-54.559507384333,1.24,0.91,0.07,28,3,x,a
8.5,-56.9334889250973,1.24,0.91,0.07,28,3,x,a
9.0,-57.5905273801922,1.24,0.91,0.07,28,3,x,a
9.5,-60.8688605256908,1.24,0.91,0.07,28,3,x,a
10.5,-73.7399280990814,1.24,0.91,0.07,28,3,x,a
11.5,-75.7384664933276,1.24,0.91,0.07,28,3,x,a
12.5,-67.6448014144729,1.24,0.91,0.07,28,3,x,a
13.5,-63.6541246304066,1.24,0.91,0.07,28,3,x,a
16.5,-90.0386532716929,1.24,0.91,0.07,28,3,x,a
17.5,-82.9137827093497,1.24,0.91,0.07,28,3,x,a
18.0,-86.5614510726568,1.24,0.91,0.07,28,3,x,a
20.0,-103.970521527363,1.24,0.91,0.07,28,3,x,a
-17.5,36.4873038575724,1.24,0.91,0.07,29,3,x,a
-16.5,37.6147208242974,1.24,0.91,0.07,29,3,x,a
-14.0,35.8364264560823,1.24,0.91,0.07,29,3,x,a
-11.0,24.2988563958072,1.24,0.91,0.07,29,3,x,a
-9.0,10.8785083498828,1.24,0.91,0.07,29,3,x,a
-6.5,7.32207813297735,1.24,0.91,0.07,29,3,x,a
-6.0,1.51888986964482,1.24,0.91,0.07,29,3,x,a
-5.0,-5.35674973589073,1.24,0.91,0.07,29,3,x,a
-4.5,-6.94789050571707,1.24,0.91,0.07,29,3,x,a
-3.5,-13.8916167332191,1.24,0.91,0.07,29,3,x,a
-3.0,-16.9426646456432,1.24,0.91,0.07,29,3,x,a
-2.5,-18.9780434985249,1.24,0.91,0.07,29,3,x,a
0.0,-22.4737802222378,1.24,0.91,0.07,29,3,x,a
0.5,-25.074270897225,1.24,0.91,0.07,29,3,x,a
1.0,-27.4602630297464,1.24,0.91,0.07,29,3,x,a
2.0,-25.5708163881012,1.24,0.91,0.07,29,3,x,a
2.5,-21.870814909329,1.24,0.91,0.07,29,3,x,a
3.0,-18.7120706204639,1.24,0.91,0.07,29,3,x,a
4.0,-21.8218981867495,1.24,0.91,0.07,29,3,x,a
6.0,-48.1130373894621,1.24,0.91,0.07,29,3,x,a
7.0,-54.2121179926472,1.24,0.91,0.07,29,3,x,a
9.5,-55.5173181812227,1.24,0.91,0.07,29,3,x,a
10.0,-62.6549571698574,1.24,0.91,0.07,29,3,x,a
10.5,-69.6004222521902,1.24,0.91,0.07,29,3,x,a
11.0,-74.8048103356325,1.24,0.91,0.07,29,3,x,a
16.0,-90.9879089891436,1.24,0.91,0.07,29,3,x,a
17.0,-83.2391343951531,1.24,0.91,0.07,29,3,x,a
18.0,-87.7926500215823,1.24,0.91,0.07,29,3,x,a
18.5,-94.7880820234487,1.24,0.91,0.07,29,3,x,a
19.0,-102.081998318476,1.24,0.91,0.07,29,3,x,a
-20.0,63.5115989481774,1.24,0.91,0.07,30,3,x,a
-19.5,55.0011182397879,1.24,0.91,0.07,30,3,x,a
-18.5,43.3065350763196,1.24,0.91,0.07,30,3,x,a
-18.0,40.3412923115577,1.24,0.91,0.07,30,3,x,a
-17.5,39.3411154118726,1.24,0.91,0.07,30,3,x,a
-16.0,36.416845378273,1.24,0.91,0.07,30,3,x,a
-11.5,31.2646228446454,1.24,0.91,0.07,30,3,x,a
-9.0,10.2931889070199,1.24,0.91,0.07,30,3,x,a
-4.5,-8.36690360384605,1.24,0.91,0.07,30,3,x,a
-4.0,-11.7147215541111,1.24,0.91,0.07,30,3,x,a
-2.5,-20.3130480554546,1.24,0.91,0.07,30,3,x,a
-1.0,-19.0788023947801,1.24,0.91,0.07,30,3,x,a
2.0,-20.9176760048785,1.24,0.91,0.07,30,3,x,a
3.0,-15.7170982864759,1.24,0.91,0.07,30,3,x,a
6.5,-51.6418427380699,1.24,0.91,0.07,30,3,x,a
7.0,-54.2410809934294,1.24,0.91,0.07,30,3,x,a
7.5,-56.2771277308132,1.24,0.91,0.07,30,3,x,a
10.0,-64.3032932473918,1.24,0.91,0.07,30,3,x,a
10.5,-72.2022888228425,1.24,0.91,0.07,30,3,x,a
11.0,-76.970397648806,1.24,0.91,0.07,30,3,x,a
12.5,-70.559325967134,1.24,0.91,0.07,30,3,x,a
13.5,-65.8973106043167,1.24,0.91,0.07,30,3,x,a
14.0,-71.0887676536394,1.24,0.91,0.07,30,3,x,a
14.5,-79.797034569316,1.24,0.91,0.07,30,3,x,a
15.0,-88.3620474942379,1.24,0.91,0.07,30,3,x,a
15.5,-92.6216016510855,1.24,0.91,0.07,30,3,x,a
16.5,-88.4851455307115,1.24,0.91,0.07,30,3,x,a
17.0,-84.7934098113118,1.24,0.91,0.07,30,3,x,a
17.5,-84.3669234434317,1.24,0.91,0.07,30,3,x,a
19.0,-101.861854593433,1.24,0.91,0.07,30,3,x,a
-19.5,54.1716167292947,1.24,0.91,0.07,31,3,x,a
-19.0,46.5476421924654,1.24,0.91,0.07,31,3,x,a
-16.5,39.2031724153646,1.24,0.91,0.07,31,3,x,a
-16.0,37.422140181306,1.24,0.91,0.07,31,3,x,a
-14.5,36.6693116881142,1.24,0.91,0.07,31,3,x,a
-14.0,40.4668025569702,1.24,0.91,0.07,31,3,x,a
-13.5,44.3901226607466,1.24,0.91,0.07,31,3,x,a
-13.0,46.0108515876522,1.24,0.91,0.07,31,3,x,a
-9.5,7.20886562901844,1.24,0.91,0.07,31,3,x,a
-8.5,12.5113531767521,1.24,0.91,0.07,31,3,x,a
-5.5,1.10573144020707,1.24,0.91,0.07,31,3,x,a
-3.0,-15.6482582973038,1.24,0.91,0.07,31,3,x,a
-1.0,-20.3203590721714,1.24,0.91,0.07,31,3,x,a
-0.5,-21.3298108576473,1.24,0.91,0.07,31,3,x,a
1.5,-24.5045486968438,1.24,0.91,0.07,31,3,x,a
2.5,-18.8905073251233,1.24,0.91,0.07,31,3,x,a
5.0,-35.8959782581947,1.24,0.91,0.07,31,3,x,a
7.0,-53.9663252899996,1.24,0.91,0.07,31,3,x,a
7.5,-55.9214003127818,1.24,0.91,0.07,31,3,x,a
8.0,-54.6476638912262,1.24,0.91,0.07,31,3,x,a
8.5,-52.3524893263651,1.24,0.91,0.07,31,3,x,a
9.5,-56.5042702037273,1.24,0.91,0.07,31,3,x,a
11.5,-74.3972899134135,1.24,0.91,0.07,31,3,x,a
12.0,-72.1672339061902,1.24,0.91,0.07,31,3,x,a
13.5,-64.9329544213022,1.24,0.91,0.07,31,3,x,a
15.0,-87.5262719078351,1.24,0.91,0.07,31,3,x,a
17.0,-84.2660805949845,1.24,0.91,0.07,31,3,x,a
18.0,-87.8898470320522,1.24,0.91,0.07,31,3,x,a
18.5,-95.8306440474649,1.24,0.91,0.07,31,3,x,a
20.0,-108.203197417686,1.24,0.91,0.07,31,3,x,a
-19.5,50.4972207308924,1.24,0.91,0.07,32,3,x,a
-18.0,38.5814119854332,1.24,0.91,0.07,32,3,x,a
-13.0,44.8159600786311,1.24,0.91,0.07,32,3,x,a
-9.5,8.62063865597885,1.24,0.91,0.07,32,3,x,a
-9.0,10.0593446363342,1.24,0.91,0.07,32,3,x,a
-8.0,19.3581782079707,1.24,0.91,0.07,32,3,x,a
-7.5,19.5749979586192,1.24,0.91,0.07,32,3,x,a
-7.0,15.6167117400319,1.24,0.91,0.07,32,3,x,a
-6.5,8.8662629774397,1.24,0.91,0.07,32,3,x,a
-5.0,-3.25649025373103,1.24,0.91,0.07,32,3,x,a
-3.5,-12.4702022249727,1.24,0.91,0.07,32,3,x,a
-3.0,-16.5744009409579,1.24,0.91,0.07,32,3,x,a
-2.0,-18.8987755552296,1.24,0.91,0.07,32,3,x,a
-1.5,-18.3531263910548,1.24,0.91,0.07,32,3,x,a
-1.0,-18.5137060792493,1.24,0.91,0.07,32,3,x,a
1.0,-25.7876710033045,1.24,0.91,0.07,32,3,x,a
2.5,-19.0012630449463,1.24,0.91,0.07,32,3,x,a
3.0,-16.2788260269921,1.24,0.91,0.07,32,3,x,a
4.0,-20.174293834545,1.24,0.91,0.07,32,3,x,a
6.0,-45.9397600562306,1.24,0.91,0.07,32,3,x,a
8.0,-52.5694015172298,1.24,0.91,0.07,32,3,x,a
8.5,-51.655859582274,1.24,0.91,0.07,32,3,x,a
9.5,-55.7615766162341,1.24,0.91,0.07,32,3,x,a
10.5,-71.0356097930961,1.24,0.91,0.07,32,3,x,a
11.0,-75.3729145929629,1.24,0.91,0.07,32,3,x,a
13.5,-64.2231414638216,1.24,0.91,0.07,32,3,x,a
14.5,-77.6841795608659,1.24,0.91,0.07,32,3,x,a
15.0,-86.4816357575006,1.24,0.91,0.07,32,3,x,a
17.0,-86.3613183648109,1.24,0.91,0.07,32,3,x,a
18.5,-99.7792759357624,1.24,0.91,0.07,32,3,x,a
-20.0,63.5628525311284,1.24,0.91,0.07,33,3,x,a
-19.5,55.0212799810442,1.24,0.91,0.07,33,3,x,a
-18.0,39.8641280877361,1.24,0.91,0.07,33,3,x,a
-17.5,38.2590945661399,1.24,0.91,0.07,33,3,x,a
-15.0,33.1016005712545,1.24,0.91,0.07,33,3,x,a
-12.5,45.4460978785683,1.24,0.91,0.07,33,3,x,a
-11.5,34.2346254017414,1.24,0.91,0.07,33,3,x,a
-11.0,24.5959435810799,1.24,0.91,0.07,33,3,x,a
-9.5,6.48749377557887,1.24,0.91,0.07,33,3,x,a
-9.0,8.68690421006518,1.24,0.91,0.07,33,3,x,a
-6.0,3.1904377661882,1.24,0.91,0.07,33,3,x,a
-5.5,-0.352427141181284,1.24,0.91,0.07,33,3,x,a
-3.5,-12.9397888607328,1.24,0.91,0.07,33,3,x,a
-1.0,-18.3426531796626,1.24,0.91,0.07,33,3,x,a
-0.5,-19.6906624222091,1.24,0.91,0.07,33,3,x,a
1.5,-22.6664684472237,1.24,0.91,0.07,33,3,x,a
2.0,-20.4243099978975,1.24,0.91,0.07,33,3,x,a
3.0,-14.2263132615076,1.24,0.91,0.07,33,3,x,a
4.0,-17.7058749474336,1.24,0.91,0.07,33,3,x,a
5.5,-40.2525414661526,1.24,0.91,0.07,33,3,x,a
6.0,-46.8816796877988,1.24,0.91,0.07,33,3,x,a
7.0,-54.2026253436788,1.24,0.91,0.07,33,3,x,a
10.5,-72.7062712494719,1.24,0.91,0.07,33,3,x,a
11.0,-78.4943121276818,1.24,0.91,0.07,33,3,x,a
12.5,-72.2694307950354,1.24,0.91,0.07,33,3,x,a
13.5,-64.6179866588772,1.24,0.91,0.07,33,3,x,a
14.0,-68.2931658762514,1.24,0.91,0.07,33,3,x,a
15.5,-90.184965698422,1.24,0.91,0.07,33,3,x,a
16.0,-91.2491639968991,1.24,0.91,0.07,33,3,x,a
18.5,-96.6496112926259,1.24,0.91,0.07,33,3,x,a
-19.5,53.4836561887128,1.24,0.91,0.07,34,3,x,a
-18.0,38.8790833094457,1.24,0.91,0.07,34,3,x,a
-17.5,37.8638646854344,1.24,0.91,0.07,34,3,x,a
-16.5,39.3168157630106,1.24,0.91,0.07,34,3,x,a
-15.0,35.0749318784811,1.24,0.91,0.07,34,3,x,a
-14.5,35.4717784374435,1.24,0.91,0.07,34,3,x,a
-13.5,41.9195617716814,1.24,0.91,0.07,34,3,x,a
-13.0,44.3201662835663,1.24,0.91,0.07,34,3,x,a
-12.0,41.1419089871546,1.24,0.91,0.07,34,3,x,a
-9.0,11.6850543123318,1.24,0.91,0.07,34,3,x,a
-8.5,15.6293996363625,1.24,0.91,0.07,34,3,x,a
-7.5,17.14781322264,1.24,0.91,0.07,34,3,x,a
-7.0,13.3388111348963,1.24,0.91,0.07,34,3,x,a
-6.0,1.27418712658654,1.24,0.91,0.07,34,3,x,a
-5.0,-5.19083365460143,1.24,0.91,0.07,34,3,x,a
-4.5,-7.46875463471665,1.24,0.91,0.07,34,3,x,a
-4.0,-11.2846748416914,1.24,0.91,0.07,34,3,x,a
-3.5,-15.5554252076708,1.24,0.91,0.07,34,3,x,a
-1.0,-17.7598289988194,1.24,0.91,0.07,34,3,x,a
0.0,-22.8261651152643,1.24,0.91,0.07,34,3,x,a
0.5,-26.0304810190172,1.24,0.91,0.07,34,3,x,a
3.0,-16.3149367998781,1.24,0.91,0.07,34,3,x,a
5.0,-36.2032182154721,1.24,0.91,0.07,34,3,x,a
6.5,-53.430137014656,1.24,0.91,0.07,34,3,x,a
8.5,-54.0183406118578,1.24,0.91,0.07,34,3,x,a
13.5,-65.4538107181336,1.24,0.91,0.07,34,3,x,a
14.5,-78.6839258837973,1.24,0.91,0.07,34,3,x,a
17.0,-83.475486676426,1.24,0.91,0.07,34,3,x,a
19.0,-102.542000811911,1.24,0.91,0.07,34,3,x,a
20.0,-104.312988435194,1.24,0.91,0.07,34,3,x,a
-20.0,62.5562596083219,1.24,0.91,0.07,35,3,x,a
-18.5,39.9688749709634,1.24,0.91,0.07,35,3,x,a
-18.0,37.0458482689004,1.24,0.91,0.07,35,3,x,a
-11.0,20.34468680417,1.24,0.91,0.07,35,3,x,a
-10.0,8.82919029319149,1.24,0.91,0.07,35,3,x,a
-9.5,8.46593107827862,1.24,0.91,0.07,35,3,x,a
-8.5,16.0003523229915,1.24,0.91,0.07,35,3,x,a
-6.5,7.00643750085676,1.24,0.91,0.07,35,3,x,a
-5.0,-3.92487477849142,1.24,0.91,0.07,35,3,x,a
-3.5,-13.3301697741741,1.24,0.91,0.07,35,3,x,a
-3.0,-17.1616960816059,1.24,0.91,0.07,35,3,x,a
-2.0,-19.2193103639254,1.24,0.91,0.07,35,3,x,a
1.0,-24.5611207862606,1.24,0.91,0.07,35,3,x,a
2.5,-17.7767954862247,1.24,0.91,0.07,35,3,x,a
3.0,-15.3267066932384,1.24,0.91,0.07,35,3,x,a
4.5,-25.3565513813231,1.24,0.91,0.07,35,3,x,a
6.0,-46.2151069069623,1.24,0.91,0.07,35,3,x,a
7.0,-53.3117346122158,1.24,0.91,0.07,35,3,x,a
10.5,-74.4806792122231,1.24,0.91,0.07,35,3,x,a
11.5,-79.0571280626535,1.24,0.91,0.07,35,3,x,a
12.5,-68.758917241193,1.24,0.91,0.07,35,3,x,a
13.0,-62.7835942302634,1.24,0.91,0.07,35,3,x,a
13.5,-61.1292267168767,1.24,0.91,0.07,35,3,x,a
14.0,-65.4902565253743,1.24,0.91,0.07,35,3,x,a
15.5,-89.0674701189926,1.24,0.91,0.07,35,3,x,a
16.0,-90.6165218725608,1.24,0.91,0.07,35,3,x,a
16.5,-89.2830629545798,1.24,0.91,0.07,35,3,x,a
17.5,-88.1879596809567,1.24,0.91,0.07,35,3,x,a
18.0,-93.1041457547405,1.24,0.91,0.07,35,3,x,a
19.5,-111.571109973163,1.24,0.91,0.07,35,3,x,a
-19.5,54.3367506113195,1.24,0.91,0.07,36,3,x,a
-14.5,34.2958113720336,1.24,0.91,0.07,36,3,x,a
-11.5,35.0728501358454,1.24,0.91,0.07,36,3,x,a
-9.0,7.57184190813538,1.24,0.91,0.07,36,3,x,a
-7.5,13.3670190419225,1.24,0.91,0.07,36,3,x,a
-6.0,-1.46475773460004,1.24,0.91,0.07,36,3,x,a
-5.0,-7.01793196221598,1.24,0.91,0.07,36,3,x,a
-3.5,-16.1395989074749,1.24,0.91,0.07,36,3,x,a
-2.0,-20.763394116073,1.24,0.91,0.07,36,3,x,a
-1.5,-19.358428681645,1.24,0.91,0.07,36,3,x,a
0.0,-22.8355926835951,1.24,0.91,0.07,36,3,x,a
1.0,-26.3079970461807,1.24,0.91,0.07,36,3,x,a
1.5,-25.5826058518409,1.24,0.91,0.07,36,3,x,a
2.5,-19.6518388296824,1.24,0.91,0.07,36,3,x,a
4.0,-22.2382875393279,1.24,0.91,0.07,36,3,x,a
4.5,-28.175337329914,1.24,0.91,0.07,36,3,x,a
5.5,-42.8327701701978,1.24,0.91,0.07,36,3,x,a
6.5,-51.299221550101,1.24,0.91,0.07,36,3,x,a
7.0,-53.8435943891459,1.24,0.91,0.07,36,3,x,a
9.0,-55.4612674921013,1.24,0.91,0.07,36,3,x,a
9.5,-60.7991756033889,1.24,0.91,0.07,36,3,x,a
10.5,-76.1819318935025,1.24,0.91,0.07,36,3,x,a
12.5,-71.9445194745487,1.24,0.91,0.07,36,3,x,a
13.5,-67.9108955130788,1.24,0.91,0.07,36,3,x,a
14.5,-80.5703641098689,1.24,0.91,0.07,36,3,x,a
15.0,-87.1988255029269,1.24,0.91,0.07,36,3,x,a
15.5,-91.4550662675746,1.24,0.91,0.07,36,3,x,a
17.0,-84.0805660856622,1.24,0.91,0.07,36,3,x,a
18.5,-97.5551377496341,1.24,0.91,0.07,36,3,x,a
20.0,-108.536075324259,1.24,0.91,0.07,36,3,x,a
-19.5,-46.2204223443643,1.11,0.7,0.05,37,4,x,a
-18.0,-44.2252477105549,1.11,0.7,0.05,37,4,x,a
-17.5,-44.3469650520138,1.11,0.7,0.05,37,4,x,a
-14.5,-8.43334165534768,1.11,0.7,0.05,37,4,x,a
-13.5,0.876083817925414,1.11,0.7,0.05,37,4,x,a
-12.0,5.58097931575683,1.11,0.7,0.05,37,4,x,a
-10.5,2.36733436979588,1.11,0.7,0.05,37,4,x,a
-10.0,4.5110593695519,1.11,0.7,0.05,37,4,x,a
-4.5,32.7876588429999,1.11,0.7,0.05,37,4,x,a
-4.0,29.032663413119,1.11,0.7,0.05,37,4,x,a
-3.0,34.1493395840011,1.11,0.7,0.05,37,4,x,a
-0.5,44.9089060504246,1.11,0.7,0.05,37,4,x,a
0.0,46.6438080472988,1.11,0.7,0.05,37,4,x,a
0.5,48.5884642380422,1.11,0.7,0.05,37,4,x,a
1.0,50.2293578595191,1.11,0.7,0.05,37,4,x,a
2.5,63.7884497200198,1.11,0.7,0.05,37,4,x,a
5.0,58.1526203827051,1.11,0.7,0.05,37,4,x,a
6.0,66.9315605579623,1.11,0.7,0.05,37,4,x,a
6.5,77.2784208254002,1.11,0.7,0.05,37,4,x,a
10.0,84.8161640648888,1.11,0.7,0.05,37,4,x,a
10.5,86.1541810946208,1.11,0.7,0.05,37,4,x,a
11.0,89.7158973197914,1.11,0.7,0.05,37,4,x,a
12.5,97.2447985974198,1.11,0.7,0.05,37,4,x,a
14.0,95.844710347736,1.11,0.7,0.05,37,4,x,a
14.5,100.309878524352,1.11,0.7,0.05,37,4,x,a
16.5,138.708861287243,1.11,0.7,0.05,37,4,x,a
18.0,144.861646731285,1.11,0.7,0.05,37,4,x,a
18.5,136.911089962282,1.11,0.7,0.05,37,4,x,a
19.0,129.304584196041,1.11,0.7,0.05,37,4,x,a
20.0,136.692003235115,1.11,0.7,0.05,37,4,x,a
-16.5,-42.2451670695414,1.11,0.7,0.05,38,4,x,a
-13.0,1.84765210658711,1.11,0.7,0.05,38,4,x,a
-12.5,3.09642037850555,1.11,0.7,0.05,38,4,x,a
-11.5,1.17623188066888,1.11,0.7,0.05,38,4,x,a
-11.0,-0.889212062667898,1.11,0.7,0.05,38,4,x,a
-10.5,-0.735077015464826,1.11,0.7,0.05,38,4,x,a
-8.0,10.6414855996582,1.11,0.7,0.05,38,4,x,a
-7.5,11.6278690879993,1.11,0.7,0.05,38,4,x,a
-7.0,18.1639436865804,1.11,0.7,0.05,38,4,x,a
-6.5,27.3896591742002,1.11,0.7,0.05,38,4,x,a
-6.0,34.5564811584003,1.11,0.7,0.05,38,4,x,a
-5.0,33.2246132447623,1.11,0.7,0.05,38,4,x,a
-3.5,25.7858775978434,1.11,0.7,0.05,38,4,x,a
-2.5,37.9971336531872,1.11,0.7,0.05,38,4,x,a
-2.0,43.3473680667504,1.11,0.7,0.05,38,4,x,a
-0.5,44.9657992737189,1.11,0.7,0.05,38,4,x,a
0.5,50.1598981284153,1.11,0.7,0.05,38,4,x,a
5.0,58.8455530012297,1.11,0.7,0.05,38,4,x,a
5.5,60.0483751735205,1.11,0.7,0.05,38,4,x,a
6.0,66.6510411612898,1.11,0.7,0.05,38,4,x,a
7.5,96.5308276686064,1.11,0.7,0.05,38,4,x,a
8.0,100.3117147589,1.11,0.7,0.05,38,4,x,a
8.5,97.6184441810878,1.11,0.7,0.05,38,4,x,a
9.0,92.8234491506342,1.11,0.7,0.05,38,4,x,a
13.0,95.7320476335345,1.11,0.7,0.05,38,4,x,a
14.0,96.6260802806167,1.11,0.7,0.05,38,4,x,a
14.5,99.6015091921154,1.11,0.7,0.05,38,4,x,a
16.0,127.185360863672,1.11,0.7,0.05,38,4,x,a
17.0,145.567590054425,1.11,0.7,0.05,38,4,x,a
17.5,147.615928453905,1.11,0.7,0.05,38,4,x,a
-19.0,-46.2506690229772,1.11,0.7,0.05,39,4,x,a
-18.5,-42.7359853096561,1.11,0.7,0.05,39,4,x,a
-18.0,-41.0708065957846,1.11,0.7,0.05,39,4,x,a
-16.0,-34.2282268423292,1.11,0.7,0.05,39,4,x,a
-15.5,-27.3237483331716,1.11,0.7,0.05,39,4,x,a
-15.0,-19.5202460423245,1.11,0.7,0.05,39,4,x,a
-14.5,-12.5702831785356,1.11,0.7,0.05,39,4,x,a
-14.0,-7.2844005864499,1.11,0.7,0.05,39,4,x,a
-10.0,1.8975271730333,1.11,0.7,0.05,39,4,x,a
-9.0,7.8384819680921,1.11,0.7,0.05,39,4,x,a
-7.0,17.1266059790808,1.11,0.7,0.05,39,4,x,a
-6.0,35.5315289192385,1.11,0.7,0.05,39,4,x,a
-4.5,27.9012853366131,1.11,0.7,0.05,39,4,x,a
-4.0,24.4912907919701,1.11,0.7,0.05,39,4,x,a
-1.0,47.2465807965132,1.11,0.7,0.05,39,4,x,a
1.5,52.9684656603622,1.11,0.7,0.05,39,4,x,a
2.0,58.7176659703196,1.11,0.7,0.05,39,4,x,a
3.5,75.2667374284662,1.11,0.7,0.05,39,4,x,a
5.0,60.664263834178,1.11,0.7,0.05,39,4,x,a
5.5,60.013170989065,1.11,0.7,0.05,39,4,x,a
6.0,65.8390888582941,1.11,0.7,0.05,39,4,x,a
7.5,97.7987212701412,1.11,0.7,0.05,39,4,x,a
9.0,93.3377538964373,1.11,0.7,0.05,39,4,x,a
10.0,88.0660104256281,1.11,0.7,0.05,39,4,x,a
13.5,99.1003842902672,1.11,0.7,0.05,39,4,x,a
14.0,99.4858907694383,1.11,0.7,0.05,39,4,x,a
15.5,117.182075033834,1.11,0.7,0.05,39,4,x,a
16.0,128.252737752777,1.11,0.7,0.05,39,4,x,a
18.5,136.283192153811,1.11,0.7,0.05,39,4,x,a
20.0,138.437532364434,1.11,0.7,0.05,39,4,x,a
-20.0,-45.0240550166856,1.11,0.7,0.05,40,4,x,a
-15.0,-18.6252866523146,1.11,0.7,0.05,40,4,x,a
-14.5,-10.3780904649764,1.11,0.7,0.05,40,4,x,a
-14.0,-4.21039378332661,1.11,0.7,0.05,40,4,x,a
-12.0,2.77108305190319,1.11,0.7,0.05,40,4,x,a
-11.0,0.733702276475518,1.11,0.7,0.05,40,4,x,a
-10.0,3.91120398276133,1.11,0.7,0.05,40,4,x,a
-9.0,10.1307378039565,1.11,0.7,0.05,40,4,x,a
-5.0,32.0187789942809,1.11,0.7,0.05,40,4,x,a
-4.5,26.7949492535703,1.11,0.7,0.05,40,4,x,a
-4.0,22.991660722057,1.11,0.7,0.05,40,4,x,a
-3.5,24.2228177706675,1.11,0.7,0.05,40,4,x,a
-2.5,36.9044781832255,1.11,0.7,0.05,40,4,x,a
-2.0,42.7316717113611,1.11,0.7,0.05,40,4,x,a
1.0,50.07120446784,1.11,0.7,0.05,40,4,x,a
2.5,62.4216028880299,1.11,0.7,0.05,40,4,x,a
4.0,69.5021050199868,1.11,0.7,0.05,40,4,x,a
5.5,61.6471624467381,1.11,0.7,0.05,40,4,x,a
6.0,66.6109161098174,1.11,0.7,0.05,40,4,x,a
6.5,75.1642813666576,1.11,0.7,0.05,40,4,x,a
7.5,93.7821445219785,1.11,0.7,0.05,40,4,x,a
10.5,87.8346658458688,1.11,0.7,0.05,40,4,x,a
11.0,91.2671431151203,1.11,0.7,0.05,40,4,x,a
12.5,97.231081126893,1.11,0.7,0.05,40,4,x,a
13.5,93.6057022261618,1.11,0.7,0.05,40,4,x,a
14.0,94.7097608475562,1.11,0.7,0.05,40,4,x,a
16.0,126.829992117082,1.11,0.7,0.05,40,4,x,a
16.5,138.802248517791,1.11,0.7,0.05,40,4,x,a
18.0,147.121148530875,1.11,0.7,0.05,40,4,x,a
19.5,128.711871272194,1.11,0.7,0.05,40,4,x,a
-20.0,-42.7213897679313,1.11,0.7,0.05,41,4,x,a
-18.5,-41.7071797378505,1.11,0.7,0.05,41,4,x,a
-18.0,-40.7312260330816,1.11,0.7,0.05,41,4,x,a
-15.5,-28.1201195368394,1.11,0.7,0.05,41,4,x,a
-15.0,-20.0814774849972,1.11,0.7,0.05,41,4,x,a
-13.0,3.47396170992868,1.11,0.7,0.05,41,4,x,a
-12.0,5.24227066286154,1.11,0.7,0.05,41,4,x,a
-9.0,9.54882539297708,1.11,0.7,0.05,41,4,x,a
-7.0,19.4158607361885,1.11,0.7,0.05,41,4,x,a
-6.0,38.2108426131332,1.11,0.7,0.05,41,4,x,a
-5.0,35.0544613374497,1.11,0.7,0.05,41,4,x,a
-3.5,26.3610616071826,1.11,0.7,0.05,41,4,x,a
-3.0,32.1873039407198,1.11,0.7,0.05,41,4,x,a
-1.5,47.1201650478613,1.11,0.7,0.05,41,4,x,a
1.5,54.0573348705395,1.11,0.7,0.05,41,4,x,a
3.0,69.2356224410134,1.11,0.7,0.05,41,4,x,a
3.5,70.6298809286641,1.11,0.7,0.05,41,4,x,a
4.0,68.2864783610661,1.11,0.7,0.05,41,4,x,a
5.5,61.6358942767703,1.11,0.7,0.05,41,4,x,a
7.0,86.4775508911875,1.11,0.7,0.05,41,4,x,a
7.5,96.0015937670605,1.11,0.7,0.05,41,4,x,a
8.0,98.5176418125072,1.11,0.7,0.05,41,4,x,a
9.0,91.1994202347482,1.11,0.7,0.05,41,4,x,a
14.0,96.283710860134,1.11,0.7,0.05,41,4,x,a
15.0,106.35661367537,1.11,0.7,0.05,41,4,x,a
17.5,146.428749425457,1.11,0.7,0.05,41,4,x,a
18.0,143.086187748006,1.11,0.7,0.05,41,4,x,a
19.0,127.769451579019,1.11,0.7,0.05,41,4,x,a
19.5,126.714121818544,1.11,0.7,0.05,41,4,x,a
20.0,136.758928823708,1.11,0.7,0.05,41,4,x,a
-20.0,-43.8268966928537,1.11,0.7,0.05,42,4,x,a
-19.5,-46.0626292052942,1.11,0.7,0.05,42,4,x,a
-19.0,-45.9978601767259,1.11,0.7,0.05,42,4,x,a
-18.5,-43.085876003346,1.11,0.7,0.05,42,4,x,a
-16.5,-40.5539290216899,1.11,0.7,0.05,42,4,x,a
-15.0,-17.5320191784483,1.11,0.7,0.05,42,4,x,a
-13.5,-0.234400309550076,1.11,0.7,0.05,42,4,x,a
-11.5,0.126660091922538,1.11,0.7,0.05,42,4,x,a
-11.0,-1.48093459609665,1.11,0.7,0.05,42,4,x,a
-7.5,8.17494452923486,1.11,0.7,0.05,42,4,x,a
-6.0,33.8985443357209,1.11,0.7,0.05,42,4,x,a
-5.0,34.9759259980177,1.11,0.7,0.05,42,4,x,a
-4.5,29.7985284914954,1.11,0.7,0.05,42,4,x,a
-3.5,26.0723124144571,1.11,0.7,0.05,42,4,x,a
-2.0,42.6354442415464,1.11,0.7,0.05,42,4,x,a
0.0,47.6894764877257,1.11,0.7,0.05,42,4,x,a
2.0,59.0718182856579,1.11,0.7,0.05,42,4,x,a
3.0,74.0143461487758,1.11,0.7,0.05,42,4,x,a
5.5,58.4781521678751,1.11,0.7,0.05,42,4,x,a
7.5,94.9736983215183,1.11,0.7,0.05,42,4,x,a
8.0,98.754962939793,1.11,0.7,0.05,42,4,x,a
9.0,93.3541671756488,1.11,0.7,0.05,42,4,x,a
11.0,92.1447309806795,1.11,0.7,0.05,42,4,x,a
11.5,97.0423416729774,1.11,0.7,0.05,42,4,x,a
13.5,94.1064369122847,1.11,0.7,0.05,42,4,x,a
14.0,94.9203415449259,1.11,0.7,0.05,42,4,x,a
16.0,125.044966748243,1.11,0.7,0.05,42,4,x,a
17.0,142.366944917327,1.11,0.7,0.05,42,4,x,a
18.0,143.171608437877,1.11,0.7,0.05,42,4,x,a
19.0,129.904320207417,1.11,0.7,0.05,42,4,x,a
-20.0,-41.6577792670844,1.11,0.7,0.05,43,4,x,a
-13.5,-0.395818782644217,1.11,0.7,0.05,43,4,x,a
-10.0,0.83444075701359,1.11,0.7,0.05,43,4,x,a
-9.5,4.68319333492017,1.11,0.7,0.05,43,4,x,a
-8.5,9.27059764979247,1.11,0.7,0.05,43,4,x,a
-8.0,7.55033809111858,1.11,0.7,0.05,43,4,x,a
-7.5,9.71994902823046,1.11,0.7,0.05,43,4,x,a
-7.0,16.9809332588725,1.11,0.7,0.05,43,4,x,a
-6.0,36.2944274702242,1.11,0.7,0.05,43,4,x,a
-5.5,38.9743362389133,1.11,0.7,0.05,43,4,x,a
-4.0,25.1392282641326,1.11,0.7,0.05,43,4,x,a
-3.5,25.8651464179612,1.11,0.7,0.05,43,4,x,a
-2.5,38.8602163690305,1.11,0.7,0.05,43,4,x,a
-1.0,47.5590411299181,1.11,0.7,0.05,43,4,x,a
0.0,48.6562573226554,1.11,0.7,0.05,43,4,x,a
2.5,62.3048089438261,1.11,0.7,0.05,43,4,x,a
4.0,66.7092342828256,1.11,0.7,0.05,43,4,x,a
5.0,59.0983378958003,1.11,0.7,0.05,43,4,x,a
5.5,59.756292613259,1.11,0.7,0.05,43,4,x,a
6.0,65.6388113059018,1.11,0.7,0.05,43,4,x,a
7.5,96.2211789296038,1.11,0.7,0.05,43,4,x,a
8.0,100.05368335776,1.11,0.7,0.05,43,4,x,a
8.5,98.9130225082043,1.11,0.7,0.05,43,4,x,a
9.0,94.5868957484035,1.11,0.7,0.05,43,4,x,a
11.5,95.8327981099675,1.11,0.7,0.05,43,4,x,a
12.5,98.0450947575224,1.11,0.7,0.05,43,4,x,a
13.0,96.3851806748681,1.11,0.7,0.05,43,4,x,a
14.0,97.5117956021792,1.11,0.7,0.05,43,4,x,a
15.5,115.686873552094,1.11,0.7,0.05,43,4,x,a
20.0,136.945669478251,1.11,0.7,0.05,43,4,x,a
-20.0,-45.2577229421428,1.11,0.7,0.05,44,4,x,a
-19.5,-46.3863396950824,1.11,0.7,0.05,44,4,x,a
-16.5,-39.6569329379228,1.11,0.7,0.05,44,4,x,a
-15.5,-27.6052806485868,1.11,0.7,0.05,44,4,x,a
-13.5,-1.93785011579247,1.11,0.7,0.05,44,4,x,a
-12.5,2.17169911310518,1.11,0.7,0.05,44,4,x,a
-11.0,-0.303343463207581,1.11,0.7,0.05,44,4,x,a
-8.5,10.9344089711387,1.11,0.7,0.05,44,4,x,a
-8.0,9.2919222430806,1.11,0.7,0.05,44,4,x,a
-6.0,36.6465186515464,1.11,0.7,0.05,44,4,x,a
-4.0,24.8084327960496,1.11,0.7,0.05,44,4,x,a
-3.5,25.6388303393584,1.11,0.7,0.05,44,4,x,a
-2.0,44.6215691519183,1.11,0.7,0.05,44,4,x,a
1.0,52.2331454008216,1.11,0.7,0.05,44,4,x,a
4.5,61.8574141759546,1.11,0.7,0.05,44,4,x,a
5.0,57.1485372454927,1.11,0.7,0.05,44,4,x,a
6.5,73.6442456904693,1.11,0.7,0.05,44,4,x,a
9.0,91.3873213591927,1.11,0.7,0.05,44,4,x,a
10.0,84.3672318396144,1.11,0.7,0.05,44,4,x,a
10.5,84.5752079416431,1.11,0.7,0.05,44,4,x,a
11.5,94.3722941922714,1.11,0.7,0.05,44,4,x,a
13.0,98.2610249308801,1.11,0.7,0.05,44,4,x,a
14.0,99.089796128008,1.11,0.7,0.05,44,4,x,a
14.5,102.772140643235,1.11,0.7,0.05,44,4,x,a
15.0,107.237283624622,1.11,0.7,0.05,44,4,x,a
15.5,115.920525555887,1.11,0.7,0.05,44,4,x,a
17.5,146.271412388541,1.11,0.7,0.05,44,4,x,a
18.0,142.537163872327,1.11,0.7,0.05,44,4,x,a
18.5,133.736808941848,1.11,0.7,0.05,44,4,x,a
19.5,124.881593902117,1.11,0.7,0.05,44,4,x,a
-19.5,-45.109838566487,1.11,0.7,0.05,45,4,x,a
-18.5,-47.2403990638209,1.11,0.7,0.05,45,4,x,a
-17.5,-47.5302164151917,1.11,0.7,0.05,45,4,x,a
-17.0,-47.9642053863195,1.11,0.7,0.05,45,4,x,a
-16.0,-37.4384758642908,1.11,0.7,0.05,45,4,x,a
-14.5,-11.4164837451818,1.11,0.7,0.05,45,4,x,a
-14.0,-5.48800320175321,1.11,0.7,0.05,45,4,x,a
-13.5,-0.713250872526957,1.11,0.7,0.05,45,4,x,a
-10.5,0.048516553797007,1.11,0.7,0.05,45,4,x,a
-8.0,9.12971538537015,1.11,0.7,0.05,45,4,x,a
-7.5,10.3822591355494,1.11,0.7,0.05,45,4,x,a
-7.0,16.5882853918294,1.11,0.7,0.05,45,4,x,a
-6.5,26.2601190887717,1.11,0.7,0.05,45,4,x,a
-6.0,34.931931637725,1.11,0.7,0.05,45,4,x,a
-3.0,28.9432756951534,1.11,0.7,0.05,45,4,x,a
-1.0,40.6389084171841,1.11,0.7,0.05,45,4,x,a
0.0,44.9265957354793,1.11,0.7,0.05,45,4,x,a
0.5,49.7541947245182,1.11,0.7,0.05,45,4,x,a
2.0,59.9590822286789,1.11,0.7,0.05,45,4,x,a
5.0,60.1135294049114,1.11,0.7,0.05,45,4,x,a
6.5,76.6917510416487,1.11,0.7,0.05,45,4,x,a
9.0,91.4377675361551,1.11,0.7,0.05,45,4,x,a
14.5,100.671658909046,1.11,0.7,0.05,45,4,x,a
15.0,108.05329982191,1.11,0.7,0.05,45,4,x,a
15.5,118.347529696356,1.11,0.7,0.05,45,4,x,a
16.0,130.03671876984,1.11,0.7,0.05,45,4,x,a
18.0,146.756917508477,1.11,0.7,0.05,45,4,x,a
19.0,130.563470416494,1.11,0.7,0.05,45,4,x,a
19.5,129.456388288527,1.11,0.7,0.05,45,4,x,a
20.0,139.18844020184,1.11,0.7,0.05,45,4,x,a
-19.5,-47.21307166822,1.11,0.7,0.05,46,4,x,a
-18.5,-43.279282433836,1.11,0.7,0.05,46,4,x,a
-16.5,-43.1024463553735,1.11,0.7,0.05,46,4,x,a
-15.5,-27.7875275901178,1.11,0.7,0.05,46,4,x,a
-14.5,-10.4681200323214,1.11,0.7,0.05,46,4,x,a
-11.0,2.79986879106184,1.11,0.7,0.05,46,4,x,a
-10.0,3.94659629822069,1.11,0.7,0.05,46,4,x,a
-8.0,9.74137895392943,1.11,0.7,0.05,46,4,x,a
-5.0,33.0590567340729,1.11,0.7,0.05,46,4,x,a
-4.5,27.1043485798455,1.11,0.7,0.05,46,4,x,a
-2.5,37.6796439200017,1.11,0.7,0.05,46,4,x,a
-1.5,45.6163212810741,1.11,0.7,0.05,46,4,x,a
-0.5,43.4321093763161,1.11,0.7,0.05,46,4,x,a
0.5,48.3859593612107,1.11,0.7,0.05,46,4,x,a
1.0,50.824131131414,1.11,0.7,0.05,46,4,x,a
2.0,57.175194320896,1.11,0.7,0.05,46,4,x,a
5.5,59.9181892938675,1.11,0.7,0.05,46,4,x,a
6.0,64.8728948096204,1.11,0.7,0.05,46,4,x,a
6.5,74.1394810773361,1.11,0.7,0.05,46,4,x,a
8.0,95.0846955492324,1.11,0.7,0.05,46,4,x,a
8.5,92.7463132753435,1.11,0.7,0.05,46,4,x,a
9.5,87.4029960875797,1.11,0.7,0.05,46,4,x,a
11.5,101.018398449401,1.11,0.7,0.05,46,4,x,a
12.0,104.226224704973,1.11,0.7,0.05,46,4,x,a
12.5,103.987483758685,1.11,0.7,0.05,46,4,x,a
15.0,107.088717650876,1.11,0.7,0.05,46,4,x,a
16.5,137.403930199111,1.11,0.7,0.05,46,4,x,a
18.0,144.223050994255,1.11,0.7,0.05,46,4,x,a
18.5,136.175159771905,1.11,0.7,0.05,46,4,x,a
20.0,138.275080076097,1.11,0.7,0.05,46,4,x,a
-19.5,-43.3882882442767,1.11,0.7,0.05,47,4,x,a
-17.5,-44.0436073103816,1.11,0.7,0.05,47,4,x,a
-17.0,-44.6461378210852,1.11,0.7,0.05,47,4,x,a
-16.5,-42.0944269441458,1.11,0.7,0.05,47,4,x,a
-14.0,-4.12482339256804,1.11,0.7,0.05,47,4,x,a
-13.5,-0.971714968998789,1.11,0.7,0.05,47,4,x,a
-12.5,2.5117732122259,1.11,0.7,0.05,47,4,x,a
-11.0,0.718791459479048,1.11,0.7,0.05,47,4,x,a
-9.5,4.97042070675346,1.11,0.7,0.05,47,4,x,a
-9.0,7.54228817722621,1.11,0.7,0.05,47,4,x,a
-8.0,5.89450758210378,1.11,0.7,0.05,47,4,x,a
-7.0,15.4992213567246,1.11,0.7,0.05,47,4,x,a
-6.5,25.2859220030235,1.11,0.7,0.05,47,4,x,a
-6.0,33.3635524148849,1.11,0.7,0.05,47,4,x,a
-5.5,35.6826454500142,1.11,0.7,0.05,47,4,x,a
-4.0,23.0888814580456,1.11,0.7,0.05,47,4,x,a
-2.5,38.6055909784449,1.11,0.7,0.05,47,4,x,a
-1.5,47.9742191243332,1.11,0.7,0.05,47,4,x,a
-1.0,48.2500298490543,1.11,0.7,0.05,47,4,x,a
0.5,53.3866288776904,1.11,0.7,0.05,47,4,x,a
2.0,58.3409876264751,1.11,0.7,0.05,47,4,x,a
3.5,72.6609091039826,1.11,0.7,0.05,47,4,x,a
11.0,88.8957527274916,1.11,0.7,0.05,47,4,x,a
12.0,95.8211302019067,1.11,0.7,0.05,47,4,x,a
14.0,95.1851938039512,1.11,0.7,0.05,47,4,x,a
14.5,99.7012693670183,1.11,0.7,0.05,47,4,x,a
17.0,143.765850824252,1.11,0.7,0.05,47,4,x,a
18.0,143.613103020589,1.11,0.7,0.05,47,4,x,a
18.5,136.300196076826,1.11,0.7,0.05,47,4,x,a
20.0,135.674139299964,1.11,0.7,0.05,47,4,x,a
-19.5,-48.8493665200632,1.11,0.7,0.05,48,4,x,a
-19.0,-49.0873738512711,1.11,0.7,0.05,48,4,x,a
-18.0,-45.8570345949457,1.11,0.7,0.05,48,4,x,a
-15.5,-24.4315330601973,1.11,0.7,0.05,48,4,x,a
-15.0,-15.0242951434557,1.11,0.7,0.05,48,4,x,a
-14.0,-2.69864174927079,1.11,0.7,0.05,48,4,x,a
-13.5,0.441813749285284,1.11,0.7,0.05,48,4,x,a
-11.0,-0.602976814966592,1.11,0.7,0.05,48,4,x,a
-7.5,12.2249079607317,1.11,0.7,0.05,48,4,x,a
-6.5,28.7909169025738,1.11,0.7,0.05,48,4,x,a
-5.5,39.4979725682974,1.11,0.7,0.05,48,4,x,a
-4.0,27.2299416394835,1.11,0.7,0.05,48,4,x,a
-3.0,32.5693120414637,1.11,0.7,0.05,48,4,x,a
-2.5,39.3174507893552,1.11,0.7,0.05,48,4,x,a
2.0,58.4393281532477,1.11,0.7,0.05,48,4,x,a
2.5,65.5884044115296,1.11,0.7,0.05,48,4,x,a
3.5,73.9596047043587,1.11,0.7,0.05,48,4,x,a
5.0,61.124301138503,1.11,0.7,0.05,48,4,x,a
5.5,61.7288942183221,1.11,0.7,0.05,48,4,x,a
6.5,76.9486877193078,1.11,0.7,0.05,48,4,x,a
8.0,97.7150614470118,1.11,0.7,0.05,48,4,x,a
10.5,88.6949242101004,1.11,0.7,0.05,48,4,x,a
11.0,92.7533830851274,1.11,0.7,0.05,48,4,x,a
12.5,99.1305218310037,1.11,0.7,0.05,48,4,x,a
15.0,104.880588830567,1.11,0.7,0.05,48,4,x,a
16.5,135.46620292225,1.11,0.7,0.05,48,4,x,a
17.0,143.964937664125,1.11,0.7,0.05,48,4,x,a
18.0,144.825624562941,1.11,0.7,0.05,48,4,x,a
19.0,128.729561734313,1.11,0.7,0.05,48,4,x,a
19.5,126.96154011555,1.11,0.7,0.05,48,4,x,a
